video_id,title,publish_time,channelId,channel_title,category_id,trending_date,views,likes,comment_count,comments_disabled,ratings_disabled,description
41W_Dx_Ajj4,"Nuno Ribeiro, Calema, Mariza - Maria Joana (Official Music Video)",2023-04-14T11:00:07Z,UCP6u9OBUd4M6U4yzSuv4UNw,Klasszik,10,23.27.04,1814964,38655,1224,False,False,"Music video by @NunoRibeiroOficial, @calema507 and @marizaoficial performing Maria Joana. ¬© 2023 Warner Music Portugal / Klasszik Entertainment. üáµüáπSTREAMING: https://wmpt.lnk.to/mariajoanaCALEMAInstagram: https://bit.ly/3jKUhv9Facebook: https://bit.ly/3boGGa7Spotify: https://spoti.fi/3hU3ctMTiktok: https://bit.ly/3jMwN9aBandsintown: https://bit.ly/40nBPO2FICHA T√âCNICARealiza√ß√£o: Nellson Klasszik / Francisco Ramalho  D.O.P. Jihad KahwajConceito: Nellson Klasszik / Grace Macedo Dire√ß√£o de arte: Grace Macedo Assistente de arte: Nat√°lia¬†Casta√±olaFocus Puller: Lucas PalharesAssistente Ilumina√ß√£o: Michel Edi√ß√£o: Nellson Klasszik / Jihad Kahwaji / Francisco Ramalho / Fontourafx / Miguel NorteColorgrading: Jihad Kahwaji / FontourafxDrone: Rui DoresDesigner: Bruno VieiraProdu√ß√£o Executiva : Alexandre Cardoso/Soraia Fernandes/Joana Sousa/Bruna PinheiroProdu√ß√£o: GlitterDiretora de Produ√ß√£o: Thayline Oliveira Assistente de produ√ß√£o: Natalia Casta√±ola / Anna Oliveira / M√°rcia Pina / Raquel Grilo / Ricardo Lavado Styling: Lizzie FavaroAssistente Styling: Taciana Oliveira Makeup: Eva Pereira/ Margarida Monteiro/ Claudia Pareira Hairstylist: Eric Ribeiro/ Aman√° Dab√≥ / Oksana¬†GrybinnykInt√©rpretes: Nuno Ribeiro, Calema, MarizaLetra:  Nuno Ribeiro, Fradique Mendes Ferreira, Antonio Mendes FerreiraM√∫sica: Nuno Ribeiro, Fradique Mendes Ferreira, Antonio Mendes Ferreira, Phelipe Ferreira, Nellson KlasszikProdu√ß√£o Nellson Klasszik, RJGrava√ß√£o vozes Nuno Ribeiro e Calema: Nellson KlasszikGrava√ß√£o voz Mariza: Nellson Klasszik, Joao Pedro Ruela, Diogo GuerraGrava√ß√£o instrumentos e vozes tradicionais: KoopperGuitarra: Rodrigo Correia, Bruno Scardini, Jo√£o Barradas, Manecas Costa, Lu√≠s Guerreiro, Phelipe FerreiraConcertina: Filipe GachineiroCavaquinho: Joca Ara√∫joBraguesa: Joca Ara√∫jo, KoopperPercuss√£o tradicional: Koopper, Toca Rufar  Coro tradicional: Ana Almeida, Marta Almeida, Paula Almeida, Margarida Afonso, C√°rmen Mota, Delfina Cerqueira, Cindy¬†Peixoto.Mix: Bruno Gon√ßalves, Nellson Klasszik, Nuno SerraMaster: Bruno Gon√ßalvesKLASSZIK¬†STUDIOSLETRAE virou!Eu vim do norte direto a LisboaAtr√°s de um sonho que eu nem sei se voa tanto quanto n√≥s vo√°vamos debaixo dos lenc√≥isA francesinha j√° n√£o tem picanteE isso faz-me lembrar os instantes em que tu mordias os meus l√°bios depois do amorN√£o sei se vou aguentarO tempo que vou c√° ficarPorque n√£o est√°sPorque n√£o est√°s aquiAs l√°grimas v√£o secar, mas a saudade vai continuarNo meu peito a chamarMaria JoanaMaria JoanaApanha o primeiro autocarroVem ficar pra sempre do meu ladoMinha m√£e nunca me viu partirMas todo o filho um dia voaSaudade, saudadeMam√£ cuida dela por mimDiz-me porque n√£o est√°s aquiMaria sem ti fico √°toaSaudade, saudadeMaria eu quero-te verN√£o sei se vou aguentarO tempo que vou c√° ficarPorque a saudade aperta o meu peito e d√≥i demaisAs l√°grimas v√£o secarMas a saudade vai continuarNo meu peito a chamarMaria JoanaMaria JoanaApanha o primeiro autocarroVem ficar pra sempre do meu ladoMaria, Maria, MariaQuantas l√°grimas choreiQuantas noites n√£o dormiCada gota que eu deiteiFez um rio que me leva a tiMaria JoanaMaria JoanaApanha o primeiro autocarroVem ficar pra sempre do meu ladoMaria, Maria, MariaQuantas¬†l√°grimas¬†chorei#Portugal #Lusofonia #Cultura"
pZCvOWR3T_I,Cama de Pregos #shorts,2023-04-12T17:08:52Z,UCNrthyyJVjrJUpePrl6lW_g,Neagle,24,23.27.04,9479027,845512,1885,False,False,"‚óè ‚ñ∏ Baixe agora o NG.CASH - https://bit.ly/NGCASH_NEAGLE    ‚ñ™ Carteira Digital pra voc√™ ter independencia com sua grana, independente da sua idade! üí∏üëäüî• üí≥ Contato profissional: neagle@fanstar.com.brNossas Redes Sociais:  ‚ñ™ Eagle Trindade:üì∑ https://www.instagram.com/eagletrindade/üê§ https://twitter.com/EagleTrindadeüé• https://www.tiktok.com/@eagletrindade‚ñ™ Neox:üì∑ https://www.instagram.com/gabrielneox/üê§ https://twitter.com/gabrielneox_üé• https://www.tiktok.com/@gabrielneox_üî• OUTRO N√çVELüî•RECOMENDAMOS (INSCREVA-SE)!!!Canal do Flow Key:  http://bit.ly/FlowKeyCanalCanal da Gi:  http://bit.ly/GiCanalCanal do Vini: http://bit.ly/ViniCanalCanal Aquino: http://bit.ly/MateusAquinoCanalCanal da Deka: http://bit.ly/DekaCanalNossa Caixa Postal‚ñ™ CEP da Ag√™ncia: 20550.970‚ñ™ N√∫mero da caixa postal: 24013"
GGBy50KtvRk,Tipping A Waitress A Car,2023-04-22T20:00:00Z,UCX6OQ3DkcsbYNE6H8uQQuVA,MrBeast,24,23.27.04,31736198,2394370,9664,False,False,New Merch - https://shopmrbeast.com/SUBSCRIBE OR I TAKE YOUR DOG‚ïî‚ïê‚ï¶‚ïó‚ïî‚ï¶‚ïó‚ïî‚ïê‚ï¶‚ïê‚ï¶‚ï¶‚ï¶‚ï¶‚ïó‚ïî‚ïê‚ïó‚ïë‚ïö‚ï£‚ïë‚ïë‚ïë‚ïö‚ï£‚ïö‚ï£‚ïî‚ï£‚ïî‚ï£‚ïë‚ïö‚ï£‚ïê‚ï£ ‚ï†‚ïó‚ïë‚ïö‚ïù‚ïë‚ïë‚ï†‚ïó‚ïë‚ïö‚ï£‚ïë‚ïë‚ïë‚ïë‚ïë‚ïê‚ï£‚ïö‚ïê‚ï©‚ïê‚ïê‚ï©‚ïê‚ï©‚ïê‚ï©‚ïê‚ï©‚ïù‚ïö‚ï©‚ïê‚ï©‚ïê‚ïù----------------------------------------------------------------follow all of these or i will kick you‚Ä¢ Facebook - https://www.facebook.com/MrBeast6000/‚Ä¢ Twitter - https://twitter.com/MrBeast‚Ä¢  Instagram - https://www.instagram.com/mrbeast‚Ä¢  Im Hiring! - https://www.mrbeastjobs.com/--------------------------------------------------------------------
M3L_zsHjomo,üñ§‚ù§Ô∏è Respect Jeremie Frimpong ü´∂,2023-04-15T15:40:18Z,UCSMZmPVql528Cph9WPvt0GA,Bayer 04 Leverkusen,17,23.27.04,14182873,623615,4242,False,False,What a nice gesture! #shorts #werkself #b04 #bayer04 Become part of the #B04 #Werkself and activate the bell ‚ñ∂ https://zly.de/ath/B04Bayer 04 Leverkusen on social media:Website ‚ñ∂ https://www.bayer04.de/Instagram ‚ñ∂ https://www.instagram.com/bayer04fussball/Facebook ‚ñ∂ https://www.facebook.com/bayer04fussballTwitter ‚ñ∂ https://twitter.com/bayer04fussballSnapchat ‚ñ∂ https://www.snapchat.com/add/bayer04snapsTikTok ‚ñ∂ http://www.tiktok.com/@bayer04 Soundcloud ‚ñ∂ https://soundcloud.com/werkself-podcastLinkedIn ‚ñ∂ https://www.linkedin.com/company/bayer-04-leverkusen/
cimLkAVuuv0,Usei a Roupa Sauna por 1 dia #shorts,2023-04-22T22:32:51Z,UCNrthyyJVjrJUpePrl6lW_g,Neagle,24,23.27.04,2449073,209871,740,False,False,
Bvvw9A3EgG8,7 CURVE CHALLENGE ‚öΩÔ∏è,2023-04-18T15:25:00Z,UClk5AUhvoAzN41inRfdLPYw,Celine & Michiel,24,23.27.04,25914500,726198,1517,False,False,:)
mrwj45TsR4E,FINALMENTE ELA CRIOU ONLYF*NS| Numeiro,2023-04-26T18:47:49Z,UCBQmuH679qAvJhsZTIfF-ww,NUMEIRO,24,23.27.04,174871,14421,220,False,False,https://youtube.com/@DeficedeatencaoFor business inquiries: numeiro@gmail.comLink no coment√°rio afixado.
7SfJs2dbF8I,"NOSSA M√ÉE TEM UM FILHO FAVORITO?? DUELO DE PIADAS COM PIERRE, GEORGE E EU  - CANAL DO CLEPTON",2023-04-19T22:30:01Z,UCDaM5npyBufSF9XF7XnDlsA,CLEPTON,23,23.27.04,4653206,355193,289,False,False,"üéÉ Aventuras Estranhas: A Noite Do Meteoro üëªüëΩ Garanta seu livro https://amzn.to/3aSd1qm#Shorts #HumorSalve, pessoal. Tudo bem voc√™s?Pra voc√™ que est√° chegando agora, eu sou o Erick Clepton (quase como o cantor), humorista, roteirista, improvisador, namorado da Amanda e irm√£o do Pierre e do George.Aqui no canal voc√™ vai acompanhar curiosidades, entrevistas, piadas, jogos de improvisos e o que mais pudermos inventar! üöÄParticipe deixando a sua sugest√£o de tema e v√≠deo na aba comunidade, e n√£o esque√ßa de se inscrever para n√£o perder nenhuma novidade. ü¶ñComercial: clepton@flocks.tvü§ñEdic√£o: Gustavo VorageProdu√ß√£o executiva: Clep! Entretenimento Ltda."
Y4-gFIfGXiQ,Would you go on a Blind Date in Italy?,2023-04-15T20:00:01Z,UCX6OQ3DkcsbYNE6H8uQQuVA,MrBeast,24,23.27.04,96015255,6289338,11714,False,False,
9hkq58hMtt4,MESSI OU CRISTIANO RONALDO? MUDANDO OPNI√ïES ü§£,2023-04-16T00:30:15Z,UClCtipR9mO5rB2s5mQIjmWw,J√£o Bastos,24,23.27.04,6789527,413048,5662,False,False,
arNNTCguJhc,FECHANDO A JANELA DO CARRO EM COISAS ALEAT√ìRIAS!,2023-04-22T15:00:04Z,UC6paX0kLA8D81aYogceMufw,Rafa & Luiz,24,23.27.04,2212038,183276,862,False,False,
LTLhfStziGQ,S√≥sia do Neymar Trollando f√£s üòÇ #shortssprintbrasil #neymar,2023-04-05T22:27:31Z,UC1bfh8MQ4lCWSny0e7xV02g,Ginga Street,17,23.27.04,2857084,160702,480,False,False,
GdaFbJe7NUg,PRIMEIRO MERGULHO NA PISCINA DA CASA NOVA,2023-04-23T11:00:08Z,UC7I9vRncx1-vox41l1A0ACQ,RicFazeres,22,23.27.04,226108,14615,320,False,False,"Miguinhos hoje partilho com voc√™s o meu maior Projeto de SonhoPartilha da nossa felicidade e rebenta com esse bot√£o do LIKE!!!Acompanha todos os v√≠deos do meu Projeto Casa de Sonho AQUI üëâ https://youtube.com/playlist?list=PLoH5mUjT5VpWldg0TVTmsT0FITF8KsuHyüíé Torna-te Membro do canal üëâ https://www.youtube.com/channel/UC7I9vRncx1-vox41l1A0ACQ/join‚Ä¢‚Ä¢‚Ä¢‚Ä¢‚Ä¢‚Ä¢‚Ä¢‚Ä¢‚Ä¢‚Ä¢‚Ä¢‚Ä¢‚Ä¢‚Ä¢‚Ä¢‚Ä¢‚Ä¢‚Ä¢‚Ä¢‚Ä¢‚Ä¢‚Ä¢‚Ä¢‚Ä¢‚Ä¢‚Ä¢‚Ä¢‚Ä¢‚Ä¢‚Ä¢‚Ä¢‚Ä¢‚Ä¢‚Ä¢‚Ä¢‚Ä¢‚Ä¢‚Ä¢‚Ä¢‚Ä¢‚Ä¢‚Ä¢‚Ä¢‚Ä¢‚Ä¢‚Ä¢‚Ä¢‚Ä¢‚Ä¢‚Ä¢‚Ä¢‚Ä¢‚Ä¢‚Ä¢‚Ä¢‚Ä¢‚Ä¢‚Ä¢‚Ä¢‚Ä¢‚Ä¢‚Ä¢‚Ä¢‚Ä¢‚Ä¢‚Ä¢‚Ä¢‚Ä¢‚Ä¢‚Ä¢‚Ä¢‚Ä¢‚Ä¢‚Ä¢‚Ä¢‚Ä¢‚Ä¢‚Ä¢‚Ä¢‚Ä¢‚Ä¢‚Ä¢üíº Contacto Profissional üëâ ricfazeres.contacto@gmail.com (advertising, promos, eventos, presen√ßas, listas escolares,entre outros...)Canal Secund√°rio üëâ FULL GAMEPLAY üëâ https://www.youtube.com/c/FullGameplayySegue-me nas redes sociais üì≤üíúINSTA   üëâ @ricfazeresüíôTwitter  üëâ @ricfazeresüñ§TikTok  üëâ @oricfazeresüíîTwicth  üëâ @RicFazeresOficialüíõFACE     üëâ RicGaming‚Ä¢‚Ä¢‚Ä¢‚Ä¢‚Ä¢‚Ä¢‚Ä¢‚Ä¢‚Ä¢‚Ä¢‚Ä¢‚Ä¢‚Ä¢‚Ä¢‚Ä¢‚Ä¢‚Ä¢‚Ä¢‚Ä¢‚Ä¢‚Ä¢‚Ä¢‚Ä¢‚Ä¢‚Ä¢‚Ä¢‚Ä¢‚Ä¢‚Ä¢‚Ä¢‚Ä¢‚Ä¢‚Ä¢‚Ä¢‚Ä¢‚Ä¢‚Ä¢‚Ä¢‚Ä¢‚Ä¢‚Ä¢‚Ä¢‚Ä¢‚Ä¢‚Ä¢‚Ä¢‚Ä¢‚Ä¢‚Ä¢‚Ä¢‚Ä¢‚Ä¢‚Ä¢‚Ä¢‚Ä¢‚Ä¢‚Ä¢‚Ä¢‚Ä¢‚Ä¢‚Ä¢‚Ä¢‚Ä¢‚Ä¢‚Ä¢‚Ä¢‚Ä¢‚Ä¢‚Ä¢‚Ä¢‚Ä¢‚Ä¢‚Ä¢‚Ä¢‚Ä¢‚Ä¢‚Ä¢‚Ä¢‚Ä¢‚Ä¢‚Ä¢‚Ä¢#RICFAZERES #PROJETODEVIDA #ACASADORIC"
4Uy7pDJ6oVE,FIGHT HIGHLIGHTS | Gervonta Tank Davis vs. Ryan Garcia,2023-04-23T05:19:36Z,UCurvRE5fGcdUgCYWgh-BDsg,DAZN Boxing,17,23.27.04,1249436,16498,1648,False,False,"April 22nd, 2023 -- Gervonta Tank Davis vs. Ryan Garcia from Las Vegas.Subscribe to our YouTube channel üëâ  http://bit.ly/DAZNBoxingYouTubeSubscribe to the DAZN X Series YouTube channel üëâ https://bit.ly/XSeriesYouTube Download the DAZN app now üëâ  http://bit.ly/DAZNYoutubeFollow DAZN Boxing On Social Media üëáTwitter: https://www.twitter.com/DAZNBoxingInstagram: https://www.instagram.com/DAZNBoxingFacebook: https://www.facebook.com/DAZNThe DAZN Boxing Show ‚ñ∫ https://bit.ly/3EQ70HNDAZN Rewind ‚ñ∫ https://bit.ly/32iAaRT#davisgarcia #DAZN #DAZNBoxing #Boxing"
EAVVuuxAJu0,"Os aplausos, os protestos e a reprimenda. O resumo da sess√£o solene com Lula da Silva",2023-04-25T13:50:14Z,UC35F6ktZodINwjQZjuwLcjg,Observador,25,23.27.04,460505,8638,4701,False,False,Discurso do Presidente do Brasil foi marcado protestos do Chega ‚Äî que valeram uma reprimenda de Santos Silva ‚Äî e pela coincid√™ncia da data com a celebra√ß√£o do 25 de Abril.
pokhHxGq9m4,junya jr. Funny VideoüòÇüòÇüòÇ |Junya jr. BEST Tiktok!! #shorts #cocomelon #Junyajr.,2023-04-13T08:30:20Z,UCcOcd8YGEHiEb9wWf_N2XZg,Junya jr.andMask / „Åì„Åò„ÇÖ„Çì„ÇÑ,22,23.27.04,35223825,947524,981,False,False,üôáPlease subscribe to the channelhttps://www.youtube.com/channel/UCcOcd8YGEHiEb9wWf_N2XZgtiktok‚è©https://vt.tiktok.com/ZSe97yEke/#junya1gou.jr #funny‚Äã ‚Äã #meme‚Äã #memes‚Äã #tiktokcompilation‚Äã #funnyvideo‚Äã #CoffinDance‚Äã #short‚Äã #Shorts #fyp #foryoupage  #funnyshorts #shortsfunny #viral #Viral
JgsWVQpya6E,SHIRT CHALLENGE ‚öΩÔ∏èü§î,2023-04-21T15:25:00Z,UClk5AUhvoAzN41inRfdLPYw,Celine & Michiel,24,23.27.04,14109983,602357,448,False,False,:)
oojFZrKuAKg,ESSA CRIAN√áA DE 13 ANOS CHUTA MAIS QUE TODO MUNDO!!,2023-04-24T13:03:08Z,UCMPPsRQg12IYk2V7vOfx-9A,Vosso Canal,17,23.27.04,647812,48272,307,False,False,
uA9CHfTbjl8,Esse pai COLOCOU UM GRAVADOR no CABELO de SUA FILHA!,2023-04-12T20:24:52Z,UCONmQOfpk8Y6l2mP6se2egQ,Rodrigo Correa,24,23.27.04,4152387,317856,2616,False,False,
nV8UZJNBY6Y,Adele - The Final Carpool Karaoke,2023-04-24T16:00:26Z,UCJ0uqCI0Vqr2Rrt1HseGirg,The Late Late Show with James Corden,24,23.27.04,12416501,430998,16419,False,False,"It's the last week of The Late Late Show with James Corden and his dear friend @adele surprises him with one final Carpool Karaoke commute to work. Adele takes the wheel and asks James about his memories hosting the show, Carpool Karaoke and the significance of it ending. And the two get emotional reflecting about their friendship and the times they've been there for each other. Watch our Primetime Special this Thursday, April 27th at 10pm followed by our finale episode at 12:37am on CBS and Paramount+Full track list:Rolling in the Deep - AdeleLove Is A Game - AdeleI Drink Wine - AdeleDon't Rain On My Parade - Barbra StreisandHometown Glory - Adele#AdeleCarpool #Adele #CarpoolKaraokeMore Late Late Show:Subscribe: http://bit.ly/CordenYouTubeWatch Full Episodes: http://bit.ly/1ENyPw4Facebook: http://on.fb.me/19PIHLCTwitter: http://bit.ly/1Iv0q6kInstagram: http://bit.ly/latelategramTikTok: http://https://www.tiktok.com/@latelateshowWatch The Late Late Show with James Corden weeknights at 12:35 AM ET/11:35 PM CT on CBS and streaming on Paramount+.---Each week night, THE LATE LATE SHOW with JAMES CORDEN throws the ultimate late night after party with a mix of celebrity guests, edgy musical acts, games and sketches. Corden differentiates his show by offering viewers a peek behind-the-scenes into the green room, bringing all of his guests out at once and lending his musical and acting talents to various sketches. Additionally, bandleader Reggie Watts and the house band provide original, improvised music throughout the show. Since Corden took the reigns as host in March 2015, he has quickly become known for generating buzzworthy viral videos, such as Carpool Karaoke."
6OuAhYQ9xOE,GENIUS FOOD HACKS üç∞ #shorts,2023-04-14T07:55:44Z,UCeYTfGpNCmVhlxjQxBDrGPA,Mr DegrEE,24,23.27.04,81492643,1361304,1842,False,False,So Yummy Chocolate Eraser (school supplies) Cake Decorating Ideas! Thank you for watching. Subscribe to Mr DegreeMusic: https://epidemicsound.com#shortsvideo
h0nnq5vwCgc,Steph casually found a dead spot on the court üòØ | #shorts,2023-04-04T03:03:07Z,UCiWLfSweyRNmLpgEHekhoAg,ESPN,17,23.27.04,32557214,1144845,4996,False,False,Steph Curry casually found a dead spot on the court üòØ #shorts (via @nbcsportsauthentic)‚úîÔ∏è Subscribe to ESPN+ http://espnplus.com/youtube‚úîÔ∏è Get the ESPN App: http://www.espn.com/espn/apps/espn‚úîÔ∏è Subscribe to ESPN on YouTube: http://es.pn/SUBSCRIBEtoYOUTUBE‚úîÔ∏è Subscribe to NBA on ESPN on YouTube: http://bit.ly/SUBSCRIBEtoNBAonESPN‚úîÔ∏è Watch ESPN on YouTube TV: http://es.pn/YouTubeTV#stephcurry #warriors #NBA
4EWC1WTZews,Rabo de Peixe | Trailer Oficial | Netflix Portugal,2023-04-26T09:00:00Z,UCtKMSCXR865x_nFxZfCbw_w,Netflix Portugal,22,23.27.04,281290,817,95,False,False,"Quando uma tonelada de droga chega √† praia de Rabo de Peixe, chega tamb√©m o momento em que o Eduardo e os amigos v√£o ter de decidir se continuam a ser charrocos num mar de tubar√µes,ou se mudam o seu destino para sempre. #RabodePeixe a nova s√©rie portuguesa estreia a 26 de maio, s√≥ na Netflix.Regista-te: https://bit.ly/2uduJ64Sobre a Netflix:A Netflix √© um dos principais servi√ßos de streaming que lideram a ind√∫stria do entretenimento, a n√≠vel mundial. Presente em mais de 190 pa√≠ses, conta com 233 milh√µes de ades√µes pagas de membros que usufruem de s√©ries, filmes e jogos de diferentes g√©neros e em diferentes idiomas. Os membros podem ver, pausar e continuar a ver o que quiserem, quando quiserem, onde quiserem, e mudar de plano em qualquer altura.Segue a Netflix nas redes sociais:‚û°Ô∏èTWITTER: https://twitter.com/netflixpt‚û°Ô∏èINSTAGRAM: https://www.instagram.com/netflixpt‚û°Ô∏èFACEBOOK: https://www.facebook.com/netflixportugalRabo de Peixe | Trailer Oficial | Netflix Portugalhttps://www.youtube.com/@NetflixPortugalOfficialQuando um barco carregado de coca√≠na se afunda na costa dos A√ßores, Eduardo v√™ uma oportunidade para ganhar dinheiro que tem tanto de emocionante como de arriscada."
zm5Ed4AEX_E,Highlights | Resumo: Famalic√£o 1-2 FC Porto (Ta√ßa de Portugal 22/23),2023-04-26T21:44:08Z,UCYqdtLLYQl-Yfs6AwHHuJTA,VSPORTS - Ta√ßa de Portugal,22,23.27.04,32312,396,35,False,False,"#VSPORTS #Ta√ßadePortugalO FC Porto venceu por 2-1 o Famalic√£o no jogo da 1.¬™ m√£o da meia-final da Ta√ßa de Portugal. Marcano abriu o marcador aos 16 minutos, Penetra empatou aos 36' mas Toni Mart√≠nez aos 63' colocou a equipa portista em vantagem na eliminat√≥ria. A 2.¬™ m√£o joga-se no pr√≥ximo dia 4 de Maio (2oh30).VSPORTS na Rede: http://bit.ly/YT_vsports_ptVSPORTS no Facebook: https://www.facebook.com/vsports.portugalVSPORTS no Twitter: https://twitter.com/vsports_ptVSPORTS no Instagram: https://www.instagram.com/vsports_pt"
iy9qZR_OGa0,Agust D 'Ìï¥Í∏à' Official MV,2023-04-21T03:59:07Z,UC3IZKseVpdzPSBaWxBxundA,HYBE LABELS,10,23.27.04,25215218,3505222,316728,False,False,"Agust D 'Ìï¥Í∏à' Official MV'D-DAY' ReleaseüìÜ 4/21 1PM KST | 0AM ETüíΩ Listen to 'D-DAY': https://ingrv.es/d-dayCredits:  Director: Yong Seok Choi (Lumpens)1st AD: Jihye Yoon (Lumpens)Producer: Ran Ro (Lumpens)Director of Photography: Hyunwoo Nam (MOTHER)B Camera Operator: EumkoFocus Puller: Sungju Min, Youngwoo Lee2nd AC: Youngseo ParkProduction designer: Mu:EArt director: Mu:EAsst. Art Director: Ayeong Choi, Minjung Kim (Mu:E)Art-team Manager: ilho Heo (Mu:E)Production Company: UMOON PRODUCTIONSCo-Producers: Thomas Menard, Julien CasanovaLine Producer: Worarat Buranrom (Charlie)Production Coordinator: Kwanchanok Phukung (Fhan)PA: Chanikarn Nantananate (Punch), Nisha Sukwiwat (Nisha), Chaowat Nittayasut (Pure)Chaperone: Manatchan Sangkhumsut (May), Hatsaya Boonmee (Yeewa), Nichnicha Chumchuwat (Cherish)Set Nurse: Krainaya MethanavakijpaisanFilm Board Manager: Tip SukwiwatThai 1st AD: Kongpob Sangsanga (Marc)Thai 2nd AD: Manassanun Jetsawangsri (Gus)Set PA: Sorakrit WattanamongkolsriLocation Manager: Sittiphorn Kussaravipak (Noom)Location Coordinator: Monrudee Chatsonthi (Mod)Thai 1st AC: Tanawyt Spanyai (Bright), Chatchai Tepun (Song)Thai 2nd AC: Theeraset  Charaemram (View)VDO Man: Thanapong Phuttarakkit (Arm), Phawitsith  Chunngam (Ohm)DIT: Vanika  Suthamkosol (Monn)Movi Pro: Korsak  Prathummarn (Fiat)Gaffer (Gear Head): Surarak Sriumka (Rak)Key Grip: Adisorn Klomsiri (Dang)Remote Head Techincians: Chayanin Kantawanit (Au), Nattawut Phanphoemphul (Wut)Co-Art director(Thai): Sutham Viravandaj (Soviet)Thai Set Decorators: Noppadon Pheamboonsak (Joo), Teeraseth Rienkengsurakarn (Too)Asst. Set Decorators: Somchai Roongkon (Joon), Songkran Jameekornruk (Jub), Peera Udompongwattana (Pee)Admin Art: Jaruwan Jittchaivisut (Pooh)Prop Master: Thanis Archarit (Dome)Asst. Prop Masters: Disakorn Sae-tong (Tong), Wacharapong Teepak (Jeab)Prop Buyers: Akarawat Nudnum (Win), Nitichai Archarit (James)Set Construction: Somchai Soda (Tualek), Nakarin Taithipcharoenchai (Jok)Artist: Pakdee Inchai (Pao)SFX Coordinator: Phuwadon Taweeboon (Pooh)SFX Lead Technician: Ahmad Chalermthai (Maxwell)SFX Floor Technician: Kerati Wongwinyuchon (Best)SFX Senior Technician: Wanchai Cheunchuluk ( Oil )SFX Technicians: Sakchai Cheunchuluk (Kla), Prasit Hemechai (Sith), Todsaporn Chailangka (Arm)Stunt Coordinator: Sumret MuangputStunt Assistant: Sakchai YukhachenUnit Manager: Wannee Ubonwannee (Noona)Unit Assistant #1: Sarawut Ubonwannee (Bank)Unit Runners: Woravut Inthachai (Eak), Nattakan Trongtaweekeat (Mark), Atthawut Kongkham (Aof)Casting Director (Extras): Jay MorinCostume Designer (Extra): Wantana Warintarawech (Joy)Costume Coordinator (Extra): Rujirumpai Mongkol (Por)Stand-By Set: Kotchaphan Deemee (Jeab), Kissana Homtong (Tai)Makeup Artist (Extra): Kunticha  Aiumsumorng (Jeed)Hair Stylist (Extra): Chavalit Surin (Cake)DI: LUCID COLOURColorist: Wonseok KoDI Crew: Jaeyeon Baek, Dain Kim, Seojin Jang, Jihyun Song, Geon KimDI Producer: Ingyeong ChoiBIGHIT MUSIC. Rights are reserved selectively in the video. Unauthorized reproduction is a violation of applicable laws. Manufactured by BIGHIT MUSIC, Seoul, Korea.Connect with BTS:https://ibighit.com/btshttp://twitter.com/BTS_bighithttp://twitter.com/BTS_twthttp://www.facebook.com/bangtan.officialhttps://www.youtube.com/user/BANGTANTVhttp://instagram.com/BTS.bighitofficialhttps://www.tiktok.com/@bts_official_bighithttps://weverse.onelink.me/qt3S/94808190https://www.weibo.com/BTSbighithttps://www.weibo.com/BTSmembershttp://btsblog.ibighit.com#SUGA #AgustD #Ìï¥Í∏à #Haegeum #ÏäàÍ∞Ä #D_DAY"
ZU0YvOw36RI,EX NAMORADA VISITOU MINHA CASA | NUMEIRO,2023-04-19T17:19:29Z,UCBQmuH679qAvJhsZTIfF-ww,NUMEIRO,24,23.27.04,294263,43329,892,False,False,https://youtube.com/@DeficedeatencaoFor business inquiries: numeiro@gmail.comLink no coment√°rio afixado.
ujzPey9h7Uw,WHEN YOUR DRAWING in Real Life (part 2) #shorts,2023-04-12T12:51:51Z,UCNRl8nOCoUvki2FNFxQZgEg,dednahype,23,23.27.04,54944840,1381320,1475,False,False,#shorts
r9vTMXzTw4w,"Se eu comer sem parar, meu est√¥mago pode explodir? #shorts",2023-04-20T00:00:29Z,UCbAiIkPobUFy71zlmwVw3jw,Fatos Desconhecidos,24,23.27.04,1874489,165894,2145,False,False,"Se eu comer sem parar, meu est√¥mago pode explodir? #shorts"
QpIhhFIMzyo,STOP! ERROU T√Å FORA ‚ùåüò±,2023-04-10T20:28:10Z,UC0B-TS2aNtXcaaX8k3qVYXw,Gu Reis,20,23.27.04,1178098,88642,300,False,False,
1Z9-pltVxtI,Quando o nerd √© goleiro,2023-04-16T14:00:02Z,UCxnsgtkUiHxeHM2z2mMlGiA,Goleiro De Capacete,17,23.27.04,3789910,258662,295,False,False,Feat Dudu footz
2d2R5MPqG4w,Guy Smashes Car's Window to Rescue Dog,2023-04-04T12:00:03Z,UCYZKDmmS5NNIaiD6hlNWh7Q,DailyPicksandFlicks,24,23.27.04,30218619,444707,21371,False,False,"Subscribe For More Videos: http://bit.ly/DailyPicksAndFlicksYTLike Us On Facebook: https://bit.ly/2TL5eSLFollow Us On Twitter: https://bit.ly/3jPKtzGHave a video you want us to see? Submit it here: https://bit.ly/3jRbqDlHi and welcome to Daily Picks and Flicks ‚Äì viral videos, funny pictures and odd news blog. We cover all the funny, interesting and strange stuff that is buzzing around the world. The weirder the better. Each day, we surf the web in an effort to find interesting, entertaining and unique videos, pictures and weird news stories. If you like what you find here, please recommend us to your friends. We already like you.All the videos on this channel have been properly acquired from their rightful owners. For licensing / permission to use: Contact - licensing(at)jukinmedia(dot)com"
bOSfb8PaLR8,O DONO DA BOLA üòÇ,2023-04-07T22:33:10Z,UC1bfh8MQ4lCWSny0e7xV02g,Ginga Street,17,23.27.04,3201455,0,84,False,True,
z0JPglu3I0c,Juicy Red Raspberry Nail that turns Poisonous White in Water üçì‚ò†Ô∏èüí¶ #nails #art #cute #nailtutorial,2023-04-21T02:19:56Z,UCkWOpf05w9dPthQ-2tXndfA,ilysm Nails,26,23.27.04,12047085,327422,997,False,False,
pSNjnAtrP2E,KAPPA JOTTA - COISAS NA CABE√áA (Video Oficial),2023-04-18T17:00:12Z,UCcVW0Qs3ECMDUl35GYcXz1A,KAPPA JOTTA,10,23.27.04,173961,5015,203,False,False,"Ouve e descarrega aqui: https://KappaJottaCoisasNaCabeca.lnk.to/LSj65ww6PRhttps://KappaJottaCoisasNaCabeca.lnk.to/LSj65ww6PRSpotify: https://open.spotify.com/album/5a82H0UW4hecXTZWD713Aq?si=vxwo_jOoQzGtbcMOfYwViA si=HHlP3NGaTu6BtF9Nm4soDQFollow Kappa Jotta:https://www.instagram.com/kappa_jotta/https://www.tiktok.com/@kappa_jotta https://twitter.com/kappa_jottahttps://www.facebook.com/kappajotta27________________________Creditos:Escrito e interpretado: Kappa JottaGuitarras: GemiinyProduzido: Kappa JottaMix e master: Cunha BeatsVideo:Directed By: Mike AkFotografia: BernvsAgradecimento especial √†s Comunidades da Ulmeira, Serra da Luz e Fim do Mundo._______________________________________¬© & ‚ìÖ -  2023 - Good Fellas Good Music_______________________________________CONTACTO: goodfellasgoodmusic@gmail.com"
biPKMNpY-bc,–°–ï–†–î–ï–ß–ö–£ –ë–û–õ–¨–ù–û –°–¢–ê–õ–û...–ù–ï –ü–û–°–¢–£–ü–ê–ô–¢–ï –¢–ê–öüò™üê∂üíî,2023-03-31T10:18:48Z,UCXmseTCR4w5q36pupOJKegw,Chapitosiki,24,23.27.04,80893354,1883318,21175,False,False,"–í—Å–µ–º –ø—Ä–∏–≤–µ—Ç, –≤—ã –Ω–∞ –∫–∞–Ω–∞–ª–µ Chapitosiki! –ß–∞–ø–∏ –∏ –¢–æ—Å—è –æ—á–µ–Ω—å –¥—Ä—É–∂–Ω—ã–µ, –¥–∞–∂–µ –µ—Å–ª–∏ —É –æ–¥–Ω–æ–π –∏–∑ –º–∏–ª—ã—Ö —Ç–∞–∫—Å–∏–∫–æ–≤ —É–ø–∞–ª–æ –Ω–∞—Å—Ç—Ä–æ–µ–Ω–∏–µ, –≤—Ç–æ—Ä–∞—è –æ–±—è–∑–∞—Ç–µ–ª—å–Ω–æ –µ–π –ø–æ–¥–Ω–∏–º–µ—Ç –µ–≥–æ, –∏ —Ö–æ–∑—è–µ–≤–∞–º –ø–æ–¥–Ω–∏–º–µ—Ç. –ù–æ –∫—Ç–æ –ø–æ–¥–Ω–∏–º–µ—Ç –Ω–∞—Å—Ç—Ä–æ–µ–Ω–∏–µ –ø–æ–¥–Ω–∏–º–∞—Ç–µ–ª—é? –°–µ—Ä–¥–µ—á–∫—É –±–æ–ª—å–Ω–æ —Å—Ç–∞–ª–æ, –∫–∞–∫ –ø–æ—Å—Ç—É–ø–∏–ª–∏ —Å —Å–æ–±–∞—á–∫–æ–π - –Ω–µ –ø–æ—Å—Ç—É–ø–∞–π—Ç–µ —Ç–∞–∫! –ù–æ–≤—ã–µ –≤–∏–¥–µ–æ –ø—Ä–æ –º–∏–ª—ã—Ö —Å–æ–±–∞—á–µ–∫ –ß–∞–ø–∏—Ç–æ—Å–∏–∫–æ–≤. –ß—Ç–æ –∂–µ –ø—Ä–æ–∏–∑–æ—à–ª–æ –≤ —ç—Ç–æ—Ç —Ä–∞–∑ - —Å–∫–æ—Ä–µ–µ —Å–º–æ—Ç—Ä–∏—Ç–µ!–ó–ê–ö–ê–ó–´–í–ê–ô –ò–ì–†–£–®–ö–£ –ß–ê–ü–ò–¢–û–°–ò–ö–ò –ù–ê –û–§–ò–¶–ò–ê–õ–¨–ù–û–ú –°–ê–ô–¢–ï: https://chapitosiki.com/–ò–ì–†–ê–ô –í –ß–ê–ü–ò–¢–û–°–ò–ö–û–í üëâüèª PLAY CHAPITOSIKI GAME: http://pimpochka.games/chapitosiki–°–õ–£–®–ê–ô –¢–†–ï–ö –¢–´ –ù–ê –†–ï–ü–ò–¢–ï: https://zvonko.link/14777DAüê∂–ß–ê–ü–ò–¢–û–°–ö–ò–ù –í–ö–û–ù–¢–ê–ö–¢–ï: https://vk.com/chapitosinkaüê∂–ß–ê–ü–ò–¢–û–°–ö–ò–ù TIK TOK https://vm.tiktok.com/ZSJ7saYCy/ üê∂–ß–ê–ü–ò–¢–û–°–ö–ò–ù TELEGRAM: https://t.me/chapi_tosyaüê∂–ß–ê–ü–ò–¢–û–°–ö–ò–ù RUTUBE: https://rutube.ru/channel/24282446/üê∂–ß–ê–ü–ò–¢–û–°–ö–ò–ù OZON –º–æ–º–µ–Ω—Ç—ã: https://ozon.ru/user/chapi_tosya?from=share_ios–°–æ—Ç—Ä—É–¥–Ω–∏—á–µ—Å—Ç–≤–æ –∏ —Ä–µ–∫–ª–∞–º–∞: chapitosiki@wildjam.ru#—á–∞–ø–∏—Ç–æ—Å—è #dog #shorts #—Å–æ–±–∞–∫–∏"
CFgfVmvHU24,Ficou Sem üß®,2023-04-10T14:07:00Z,UC371icpvZj2oQaocL0i9L-g,DUDU e CAROL,24,23.27.04,5026962,157497,204,False,False,"A Carol queria s√≥ uma e o Dudu pegou todas, mas ela virou Hahah e ele ficou sem#DUDUeCAROL #shorts"
PX7mkx5sWiI,Fatos muito ESTRANHOS,2023-04-18T21:00:10Z,UCjccbzNlczaBBwZwVjBXHiA,sabfulero1,20,23.27.04,3110308,257607,3013,False,False,ü§®SERVIDOR DO DISCORD- https://discord.gg/Zgec5FXvHQtiktok- @sabfulero2insta- @saborilastwitter- @saborilas#shorts #minecraft
jI9sL6FT9P4,Quando eu derrubo o celular na chuva,2023-04-14T14:03:48Z,UCWNtk_dUMvg3IVu4fsXRmhQ,O Netinho,22,23.27.04,4270548,179042,194,False,False,Se inscrevam no canal principal @Maneirando #shorts
WF6KYaPrxT0,Mc Daniel x Nog - * da Anitta (Prod. Paiva) - Lyons Produ√ß√µes,2023-04-12T21:15:10Z,UCwnSOhrpJLe-bwARGDMQEVA,Lyons Produ√ß√µes,10,23.27.04,6835948,262541,62944,False,False,"Mc Daniel & Nog (Costa Gold) - * da Anitta (prod.Paiva)Ou√ßa na plataformas digitais: https://onerpm.link/*daanittaMc Daniel:  https://www.instagram.com/mcdanieloficiall/Nog: https://www.instagram.com/nogcaio/Produ√ß√£o MusicalPaiva Prod: https://www.instagram.com/paiva.prod/Composi√ß√£oNog: https://www.instagram.com/nogcaio/Andr√© Drum: https://www.instagram.com/drum_sp/Mc Daniel: https://www.instagram.com/mcdanieloficiall/Mixagem / Masteriza√ß√£o:Andr√© Nine: https://www.instagram.com/andrenine_/Brendan Duffey: https://www.instagram.com/brendan_duffey_audio/Produ√ß√£o Geral: R√©gis Ramos: https://www.instagram.com/doisr_/Produ√ß√£o Executiva:Andr√© Drum: https://www.instagram.com/drum_sp/Marcio BontempoVini SerafimDire√ß√£o: Mateus RigolaProdu√ß√£o: Luan Raphael Edi√ß√£o: Mateus RigolaRoteiro: Andr√© DrumAssistente de c√¢mera: Gabriel Kohari e Thiago RosaAssistente de produ√ß√£o: Pamela PrietoAjudantes: Gabriel Soares, Diego Leonardo e  Natanael Delfino Dire√ß√£o de Arte: Patr√≠cia RodriguesContra-regra: Jo√£o Pedro Make: Tatiane BombardaStylist: Joseph AckonAssistente de stylist: Pedro GarcezFot√≥grafa: ThalyImagens Making of: Victor ZarpaEdi√ß√£o Making of: Alef Santz Produ√ß√£o de loca√ß√£o: Meco loca√ß√µesProdutora de Casting: Gema Produ√ß√µesPug: FloraCatering: Buffet Keila AvianoTatuador: Diego Tattoo 013Transporte objeto de artes: Luiz - Standart transportesTransporte de equipe: Bruno FechamentoAgradecimento: B&B MultimarcasMarketing: Mestre da Web"
B2jZtmaq0xQ,Challenge Accepted!!! #shorts #Challenge,2023-04-08T12:00:07Z,UCJNwKVYOYn-EDJR1QJg8aZw,WooHoo WHOA,26,23.27.04,23045651,601695,460,False,False,"https://www.youtube.com/playlist?list=PLWbI8_Cj42naZQAN3BI9l3l6kYYyJqtWSChallenge Accepted!!! #shorts #ChallengeDon‚Äôt forget to turn on notifications, like, & subscribe!"
4wYO-LBnEkg,Quim Barreiros - A vida de p√°roco (Official video),2023-04-17T19:00:09Z,UCV9mWh45ky8tVQJR3sRhnXQ,Espacial Live,10,23.27.04,136061,827,1,False,False,Quim Barreiros - A vida de p√°roco (2023)Tema inclu√≠do no CD - 50 anos depois - Hino D'AmizadeCD dispon√≠vel em https://www.espacial.pt e em https://orcd.co/50anosdepoisESPACIAL ‚Äì Onde a m√∫sica acontece!...Website | https://www.espacial.ptYoutube Espacial| https://www.youtube.com/EspacialMusicaYoutube Espacial Live | https://www.youtube.com/EspacialLiveFacebook | https://www.facebook.com/Editora.EspacialInstagram | https://www.instagram.com/editoraespacialTwitter | https://twitter.com/EspacialMusicaSpotify | espacialmusica | https://spoti.fi/3sXUmjQ#QuimBarreiros #EspacialLive #EspacialM√∫sica
SatZUBXV9Nw,PASSEI A NOITE NO PARQUE DE CAMAS EL√ÅSTICAS SEM NINGU√âM ME VER!,2023-04-23T21:28:00Z,UCjaxmdb_gTWbz9XF5rzvgGg,Natan por A√≠,24,23.27.04,1536513,46249,595,False,False,"CUPOM COLMEIA 10% DE DESCONTO PARA TODOS DO CANAL QUE FOREM NA MUVE INDOOR - BALNE√ÅRIO CAMBORI√ö.ATEN√á√ÉO: O conte√∫do deste e de todos os v√≠deos do canal tem como principal intuito o entretenimento. N√£o repita ou reproduza qualquer cena deste v√≠deo, seja em ambientes p√∫blicos ou privados. Todas as hist√≥rias e cenas mostradas aqui visam exclusivamente o seu entretenimento e de seus familiares.Participe do nosso grupo exclusivo do Telegram:https://t.me/natanporaiGostou? Curta e compartilhe o v√≠deo!Quer ver mais v√≠deos como esse? Ent√£o deixe o seu like para fortalecer!#NATANPORAIInscreva-se no canal:http://youtube.com/natanporaiAcompanhem tamb√©m em:http://instagram.com/natanporaihttp://facebook.com/natanporaihttp://twitter.com/natanporai"
q1HTN8-IgQo,Prime MEMORY Test!! ü§ØüòÇ,2023-04-15T13:29:44Z,UCoGForHQAmk0_9rI9CABeYw,Woody & Kleiny,24,23.27.04,43845008,1414537,485,False,False,
fBJcSedk0Yo,Piruka - Anjos N√£o Falam,2023-04-07T10:00:36Z,UCbD26D2EMiGBb0ELWIDCRDA,Piruka,10,23.27.04,676371,25064,949,False,False,"Official Music Video by PIRUKA performing Anjos N√£o Falam¬© 2023 808-Follow PIRUKA:‚óç https://linktr.ee/pirukaSmartLink:‚óç https://links.altafonte.com/anjosnaofalam -Cr√©ditos:*M√∫sicaComposi√ß√£o: Piruka, ReisProdu√ß√£o Executiva: JEPEInstrumental: ReisGuitar: Feodor BivolLetra: PirukaMix & Master: Michael 'Mic' Ferreira-‚Ñó ¬© 2023 808‚óç https://808.pt #Piruka #AnjosN√£oFalam #Iluminado"
B-nTkWTIDyU,Maria Joana,2023-04-13T10:03:22Z,UCZJZul-jx2Y1iwQJvyuCMQQ,Nuno Ribeiro - Topic,10,23.27.04,167382,2844,88,False,False,"Provided to YouTube by Parlophone PortugalMaria Joana ¬∑ Nuno Ribeiro ¬∑ Calema ¬∑ MarizaMaria Joana‚Ñó 2023 Warner Music Portugal, LdaChoir: Ana AlmeidaMasterer, Mixer: Bruno Gon√ßalvesGuitar: Bruno ScardiniVocals: CalemaChoir: C√°rmen MotaChoir: Delfina CerqueiraRecorder: Diogo GuerraConcertina: Filipe GachineiroCavaquinho, Viola: Joca Ara√∫joGuitar: Jo√£o BarradasRecorder: Jo√£o Pedro RuelaPercussion, Viola: KoopperRecorder: KoopperPortuguese  Guitar: Lu√≠s GuerreiroGuitar: Manecas CostaChoir: Margarida AfonsoVocals: MarizaChoir: Marta AlmeidaMixer, Producer, Recorder: Nellson KlasszikVocals: Nuno RibeiroMixer: Nuno SerraChoir: Paula AlmeidaGuitar: Phelipe FerreiraProducer: RJGuitar: Rodrigo CorreiaPercussion: Toca RufarComposer, Lyricist: Antonio Mendes FerreiraComposer, Lyricist: Fradique Mendes FerreiraComposer: Nellson KlasszikComposer, Lyricist: Nuno RibeiroComposer: Phelipe FerreiraAuto-generated by YouTube."
gnxj1b50wTA,Milan-Lecce 2-0 | Leao does it again for the Rossoneri: Goals & Highlights | Serie A 2022/23,2023-04-23T18:39:50Z,UCBJeMCIeLQos7wacox4hmLQ,Serie A,17,23.27.04,1014904,19327,619,False,False,"Another immense display of talent by Portuguese, who opened the scoring with a header and finished off Lecce with his trademark run on the left flank followed by a clinical left-footed finish | Serie A 2022/23#Highlights #MilanLecce #SerieAThis is the official channel for the Serie A, providing all the latest highlights, interviews, news and features to keep you up to date with all things Italian football.Subscribe to the channel here! https://bit.ly/SERIEA_YT Find out more about the Serie A at: http://www.legaseriea.it/en/ Questo √® il canale ufficiale della Serie A, dove potrai avere accesso ai momenti salienti, alle interviste, alle notizie e alle funzionalit√† del momento per rimanere aggiornato sulle ultime novit√† del campionato.Iscriviti qui al canale! https://bit.ly/SERIEA_YTPer maggiori informazioni sulla Serie A: http://www.legaseriea.it/it"
gMq-I0dejjE,Ice Spice & Nicki Minaj - Princess Diana (Official Music Video),2023-04-14T16:00:09Z,UCCdbL-yl7Qa_vurbYWdn5SA,IceSpiceVEVO,10,23.27.04,27634704,921125,63058,False,False,"Watch the official video for Ice Spice Princess Diana‚Äù Feat. Nicki MinajStream // Download Ice Spice's new single Princess Diana here: http://IceAndNicki.lnk.to/PDRFollow Ice Spice Everywhere:Facebook: https://www.facebook.com/icespicemusic1/ Twitter: https://twitter.com/icespicee_ Instagram: https://www.instagram.com/icespice TikTok: https://www.tiktok.com/icespiceeStream Ice Spice Everywhere:Spotify: https://open.spotify.com/artist/3LZZPxNDGDFVSIPqf4JuEf?si=ICdy4wAfSKuQsqSVbrpluwApple Music: https://music.apple.com/us/artist/ice-spice/1552372505 Soundcloud: https://on.soundcloud.com/k3r8E Subscribe to Ice Spice's YouTube here: https://www.youtube.com/channel/UCJTqwQj5iTHYrko04PbGI9wMusic video by Ice Spice performing Princess Diana. 10K Projects/Capitol Records; ¬© 2023 Dolo Entertainment, Inc., under exclusive license to UMG Recordings, Inc.http://vevo.ly/IgWlO5"
zm5bL2v876s,Hit ‚ù§Ô∏è for Real Dance #michaelmejeh #dance #youtubeshorts @caciliaofficial4619,2023-04-02T22:05:38Z,UCsNBjnhHc7xW5MDFbMqRs8g,Michael Mejeh,20,23.27.04,45520171,2200954,9493,False,False,
GSmfx6u7c3g,ENTREVISTA DE EMPREGO,2023-04-16T20:00:05Z,UCgLCZuwlhAn5Hys_06f5LJw,PIERRE ZAGO,23,23.27.04,181231,11438,556,False,False,Qualquer semelhan√ßa com uma entrevista real na Zome √© pura coincid√™ncia. Ou ser√° que n√£o? Descobre mais em https://talento.zome.ptNota: todas as pessoas que participaram neste v√≠deo tiveram no final uma entrevista a s√©rio na Zome. Isto foi apenas um quebra gelo ;)Instagram: https://www.instagram.com/pierrezago/Facebook: https://www.facebook.com/pierrezagoprodENTREVISTA DE EMPREGOPierre Zago 2023
mMbMvi4CDDE,Ex Namorada Visita a Nossa Casa (Angie Costa) | WINDOH,2023-04-13T20:58:40Z,UCjlL3AqX17cYfq0tfN4ygMQ,Windoh,24,23.27.04,411877,29418,376,False,False,üì©For Business Inquiries: windoh14@hotmail.comO QUE ACHASTE DO V√çDEO? COMENTA EM BAIXO!üëüRotation (Loja de t√©nis): https://www.rotation.ptüì∏Sou mais ativo no IG: @windohüì©For Business Inquiries: windoh14@hotmail.comüê§Tt: @winndoh
tgw8aR-ENio,ÌÜ†Ïπ¥ÌÜ†Ïπ¥ ÎåÑÏä§  TOCA TOCA TOCA dance Poppy Playtime in real life #trending #funny #poppyplaytime,2023-04-14T14:00:40Z,UC6q0-zpxE7wOSqgdKNzE-vA,ZNAK,24,23.27.04,44501661,757247,1048,False,False,Toca Toca dance from Huggy Wuggy and Mommy long legs and all from the real Poppy playtime game! #huggywuggy #funnymoments #trend
y5AzxENQ9SU,Ïú†Ìñâ Ï∞çÎäî Î∞©Î≤ï,2023-04-10T10:00:43Z,UCDsDdULLy8bbeFfAPC2mp5w,Ïò§ÎßàÏù¥ÎπÑÌÇ§ OMV,24,23.27.04,39640154,1034577,3368,False,False,
6ItTniOa99A,Trollando Meu Marido Gringo (Bolada) üòÇ #shortsbrasil,2023-04-19T21:00:51Z,UC4j_eemDfXMlPfb7JORBR1g,Brandon & Bruna,27,23.27.04,1606965,118959,144,False,False,"‚úÖ Playlists Recomendadas ‚úÖ‚óã Gringo No Brasil: https://bit.ly/3D2TTo8‚óã Melhores Shorts: https://bit.ly/3WojQ8k‚óã Gringos: https://youtu.be/ELMCY5nsZqsüí• Nos Siga Tamb√©m Nas Redes Sociais üí• ‚ñ∫ Instagram: https://bit.ly/3q1gidK‚ñ∫ Tiktok: https://bit.ly/3pWROlU‚ñ∫ Facebook: https://bit.ly/3XPOaK2Se voc√™ gosta dos nossos v√≠deos, pode nos apoiar com doa√ß√µes para:üí≤ PIX: brandonebruna@gmail.com üí≤üí≤ PayPal: brandonebruna@gmail.com üí≤For business inquires only, please use this email: brandonebruna@gmail.com"
4YGII2-yWnE,Funniest game of SMASH üòÇ,2023-04-13T15:46:10Z,UCcILXXthGExGeKAQLAIUaFQ,Pongfinity,17,23.27.04,32853354,1015817,382,False,False,"SUBSCRIBE to Pongfinity ‚ñ∫ http://bit.ly/PongfinitySubOfficial Pongfinity Products ‚ñ∫ https://pongfinity.store/Buy our clothing (shirts, hoodies etc) ‚ñ∫ https://fanjoy.co/pongfinityCheck out our 2nd channel for match videos and more! ‚ñ∫ http://bit.ly/PongfinityPlusDownload our NEW Pongfinity Duels 1v1 Multiplayer mobile game for FREE:Android: http://bit.ly/PongfinityDuelsAndroidiOS: http://bit.ly/PongfinityDuelsAppleHang out with us on social media:‚ñ∫ Facebook (@Pongfinity): http://bit.ly/PongfinityFB‚ñ∫ Instagram (@Pongfinity): http://bit.ly/PongfinityIG‚ñ∫ TikTok (@Pongfinity): https://bit.ly/PongfinityTikTokYou can reach us at: media@pongfinity.com"
nokz9WgIwjI,Scary night games with Megan | Megan robot doll scared me #shorts,2023-04-05T13:15:03Z,UCFcG7cgOd2ePKx--kPft7Kg,One More,26,23.27.04,75764550,1580301,884,False,False,"‚ù§Ô∏è Share and subscribe if you like the videoüîî Don‚Äôt forget to click the bell to make sure you never miss our videosüíõ #shorts Music by Epidemic Sound üéµ: https://www.epidemicsound.com/---------------This video is made for entertainment purposes. We do not make any warranties about the completeness, safety and reliability. Any action you take upon the information on this video is strictly at your own risk, and we will not be liable for any damages or losses. It is the viewer's responsibility to use judgment, care and precautions if one plans to replicate.The following video might feature activity performed by our actors within controlled environment- please use judgment, care, and precaution if you plan to replicate.All product and company names shown in the video are trademarks‚Ñ¢ or registered¬Æ trademarks of their respective holders. Use of them does not imply any affiliation with or endorsement by them."
-1wcilQ58hI,Starship Flight Test,2023-04-20T14:08:39Z,UCtI0Hodo5o5dUb67FeUjDeA,SpaceX,28,23.27.04,11525275,260723,14786,False,False,"Starship gave us quite a show during today‚Äôs first flight test of a fully integrated Starship and Super Heavy rocket from Starbase in Texas.  At 8:33 a.m. CT, Starship successfully lifted off from the orbital launch pad for the first time. The vehicle cleared the pad and beach as Starship climbed to an apogee of ~39 km over the Gulf of Mexico ‚Äì the highest of any Starship to-date. The vehicle experienced multiple engines out during the flight test, lost altitude, and began to tumble. The flight termination system was commanded on both the booster and ship. As is standard procedure, the pad and surrounding area was cleared well in advance of the test, and we expect the road and beach near the pad to remain closed until tomorrow.With a test like this, success comes from what we learn, and we learned a tremendous amount about the vehicle and ground systems today that will help us improve on future flights of Starship. Thank you to our customers, Cameron County, and the wider community for the continued support and encouragement. And congratulations to the entire SpaceX team on an exciting first flight test of Starship!"
wy5jmYfmX5U,"Marshmello, Farruko - Esta Vida (Official Video)",2023-04-14T00:00:09Z,UCPW4ObAtDezrOGo2gjYOctg,MarshmelloVEVO,10,23.27.04,6017900,170202,3979,False,False,"Esta VidaMarshmello, Farruko (Official Video)Music:Apple Music: https://SML.lnk.to/EstaVida/applemusic Spotify: https://SML.lnk.to/EstaVida/spotify Amazon: https://SML.lnk.to/EstaVida/amazonmusicstreaming YouTube: https://SML.lnk.to/EstaVida/youtube iTunes: https://SML.lnk.to/EstaVida/itunes Deezer: https://SML.lnk.to/EstaVida/deezer TikTok: https://SML.lnk.to/EstaVida/tiktokusemysound Pandora: https://SML.lnk.to/EstaVida/pandora Marshmello: Merch https://marshmellomusic.com/collections/new-arrivalsInstagram http://instagram.com/marshmelloFacebook  http://facebook.com/marshmelloTwitter http://twitter.com/marshmelloTwitch http://twitch.tv/marshmellomusicTikTok https://tiktok.com/@marshmelloLyrics:No se puede complacer al to‚Äô el mundo Al to‚Äô el mundoDecidi vivir sin importar que digan soy feliz Yo cambie que conste fue pa‚Äô bienAyy esta vida cuando tienes te quierenCuando no te olvidanWoahh ayy esta vida cuando tienes te quierenCuando no te olvidanFarruuMarshmello Bajo mundoFarru No se puede complacer al to‚Äô el mundoAl to‚Äô el mundo WoahhNo se puede complacer al to‚Äô el mundoAl to‚Äô el mundoFarruu Que hablen que digan usted viva su vida Yo vivo la mia me canse de las mentiras De tanta falsedad del mismo sistema Encontre la salida pa‚Äôto mis problemas Ahora que cambie pa‚Äô bien no me lo tomen a malNo es que yo quiera pichar no me llamen pa janguearManito aqu√≠ to‚Äô esta bien no lo cogas personal Seguimos siendo panas aunque tu no me ves igual Ayy esta vida cuando tienes te quierenCuando no te olvidanWoahh ayy esta vida cuando tienes te quierenCuando no te olvidanFarruuMarshmello we taking over Are you ready? Bajo mundo Carbon fiber music Decidi vivir sin importar que digan soy felizYo cambie que conste fue pa‚Äô bienAyy esta vida cuando tienes te quierenCuando no te olvidanWoahh ayy esta vida cuando tienes te quierenCuando no te olvidanFarruuNo se puede complacer a to‚Äô el mundoA to‚Äô el mundoNo se puede complacer a to‚Äô el mundoAl to el‚Äô mundoAl to el‚Äô mundoBajo mundoFarruko:Facebook https://www.facebook.com/FarrukoOfficialTwitter https://twitter.com/farrukoofficialInstagram https://www.instagram.com/farruko/Video Directors:Justice SilveraMichael BreslauerExecutive Producers:Christian BreslauerMichael Breslauer#Marshmello #Farruko #EstaVidaMusic video by Marshmello, Farruko performing Esta Vida (Official Video). (C) 2023 Joytime Collective under exclusive license to Sony Music Entertainment US Latin LLC"
y5IFGplZ2jQ,MATU√ä - Podpah #600,2023-04-18T23:02:00Z,UCj9R9rOhl81fhnKxBpwJ-yw,Podpah,24,23.27.04,1439618,90406,776,False,False,"BLAZEInscreva-se no Blaze com meu c√≥digo 'podpah' e receba um b√¥nus de boas-vindas.Voc√™ deve ter mais de 18 anos para usar o aplicativo Blaze. Se voc√™ tem menos de 18 anos, n√£o jogue.----------------------------------------------------------------------------------------------------------------------------------------------------------------------------CORTES PODPAHhttps://bit.ly/cortespodpah--------------------------------------------------------------------------------------REDES DO PODPAH:Instagram@podpahTwitter@podpah--------------------------------------------------------------------------------------MATU√ä@matue----------------------------------------------------------------------------------------ANFITRI√ïES:Ig√£o - Twitter @igorcavalari               - Instagram @igaoM√≠tico - Twitter @miticojovem               - Instagram @miticoDIRE√á√ÉO: Alex Trevisan                           - Instagram @oalextrevisanPRODU√á√ÉO: Maria Carolina               -Instagram @eumariacarolinaAlexandre Corpo de Pai               -Instagram @ocorpodepaiDIRE√á√ÉO T√âCNICA:Everton Moraes Longo               -Instagram @vermoraesMODERA√á√ÉO E THUMBNAILS:Zorks Studios               -Instagram @zorkstudios----------------------------------------------------------------------------------------*REGRAS DO SUPERCHAT*-PROPAGANDAS N√ÉO SER√ÉO LIDAS-SUPERCHAT APENAS COM PEDIDO DE SALVE N√ÉO SER√ÉO LIDOS-VAMOS ESCOLHER OS SUPERCHATS MAIS INTERESSANTES----------------------------------------------------------------------------------------00:00 Espera07:06 In√≠cio"
nM8XuevJ9c0,Gabriel?????,2023-04-04T02:22:05Z,UC_hlt0tC9nsclVtHaWGhbEw,Gabriel Gomes,23,23.27.04,5715734,390868,5345,False,False,
GqpLpCVf4ig,üò± Wait for it... #shorts,2023-03-23T13:00:12Z,UCflpy-GNxlahbdRdN5CRUsA,LADbible Extra,24,23.27.04,32148672,523201,1757,False,False,#LADbible
uJFJ-qM3RK4,I Survived World‚Äòs Toughest Army Routine,2023-04-05T15:00:45Z,UCuJBpMyxlmemsQiivWPcGrQ,Browney Shorts,24,23.27.04,26085838,1620571,3502,False,False,I Survived World‚Äòs Toughest Army Routine #shorts
T0JyvmBsz-4,Coisas para pensar durante o banho (11),2023-04-20T21:11:36Z,UCjccbzNlczaBBwZwVjBXHiA,sabfulero1,20,23.27.04,1783688,174670,460,False,False,ü§îSERVIDOR DO DISCORD- https://discord.gg/Zgec5FXvHQtiktok- @sabfulero2insta- @saborilastwitter- @saborilas#shorts #minecraft
B05zAuj1dGU,HAJA BONECOS - SETENTA E NOVE (SALVADOR MARTINHA),2023-04-16T23:46:45Z,UC8O8jPZyN46FFkxE5HpHuBA,OS PRIMOS,24,23.27.04,111614,4066,61,False,False,PATREON:https://www.patreon.com/osprimosO NOSSO PODCAST:SOUNDCLOUD https://soundcloud.com/os-primos-354697382SPOTIFYhttps://open.spotify.com/show/0ZCK9tue6zOJdv2K1v1Csj?si=JSWEfO2USXKSvN5MQMJg0AITUNEShttps://podcasts.apple.com/pt/podcast/carrossel/id1489619967?l=enOS PRIMOS NA SOCIAL EST√ÉO:Instagram @osprimosboyTwitter @osprimosboyEmail - osprimosbungalow@gmail.com
WO52f2MsYzk,"Raff√© ft. Oruam e Mc Poze do Rodo - Desde Menorzin (prod. Mello, Honaiser)",2023-04-14T16:00:11Z,UCDiQ-LZ8dfc3cmoGBxMDS7Q,Mainstreet Records,10,23.27.04,1850205,78599,2222,False,False,"Ou√ßa #JOGODOMILH√ÉO em todas as plataformas: https://ONErpm.link/jogodomilhaoSe inscreva no canal e ative o sino de notifica√ß√µes para n√£o perder nenhum lan√ßamento.Composi√ß√£o: Raff√©, Oruam, MC Poze do Rodo, OliveiraProdu√ß√£o Musical: Mello, HonaiserMix: 2F-UflowMaster: 2F-UflowFicha t√©cnica:Dire√ß√£o: Igor Vargas | @oigorvargasDire√ß√£o de fotografia: Brandon Barcellos | @brandonbarcellosAss de c√¢mera: Mateus Farias | @fariamateus22Dire√ß√£o de produ√ß√£o: Leandro Santos | @leandrosantos2672 Produ√ß√£o executiva: Bela Moraes | @prodbelamoraesProdu√ß√£o executiva: Luccas Raposo | @luccasraposo_Gaffer: Jon Lima | @eujonlimaAss de el√©trica: Alexandre Rebello | @rabello.aAss de. Maquin√°ria: Douglas macario @douglasrspvp | Gabriel Miranda @Gabrielrsmiranda Fotografia still: Hugo Mesquita | @hugomesqEdi√ß√£o: Gabriel Vitiello | @gabrielvitielloColor Grading: Ronnie Outtch | @ronnieouttchStyling: Rafael Ferrero | @rafaelferreroDire√ß√£o de Arte: Carol Agyar | @carolagyarProdu√ß√£o de Arte: Arara Preta | @ararapreta__Ass. de Arte e Cenografia: Lelahel Real | @lelahel.realContrarregra: David Cabelinho e Dam√°sio de Barros | @david_cabelinho_nascimentoMake up: Fabi Rodrigues | @rfabiane_¬©‚Ñó Mainstreet Records"
g5Xh5ueBlOE,LEO2745 - ELA QUERIA MAIS,2023-04-07T19:00:08Z,UC8GTlXo75lFTAzt7Pizd59w,Leo2745VEVO,10,23.27.04,255070,7975,304,False,False,"LEO2745 ‚Äì Ela Queria MaisOuve a MuÃÅsica: https://leo2745.lnk.to/ElaQueriaMaisDoLeo Segue LEO2745https://www.instagram.com/leo2745_/ https://twitter.com/leo_2745https://www.youtube.com/channel/UCJ3MAoN_u7BV9pXxsTK836gM√öSICA  Letra: LEO2745Beat: KUPTZP√≥s-Produ√ß√£o: ChaylanCapta√ß√£o: KUPTZMistura e Masteriza√ß√£o: ChaylanV√çDEODire√ß√£o: PRO3LEMCHILD, LEO2745Realiza√ß√£o e Edi√ß√£o: PRO3LEMCHILDAtriz: CatarinaAGRADECIMENTOS - OBRIGADO A TODOS OS ENVOLVIDOS NO PROJETO! SEM VOC√äS NADA DISTO ERA POSS√çVEL! OBRIGADO ‚ù§LETRA | LYRICSEla queria mais e mais e maisMas eu j√° n√£o quero porque eu nunca fui dos taisSegui os sinaisBazei normalAgora sim tu ficas com quem gostas maisN√£o te vou mentirDesde aquele nosso primeiro date fiquei apaixonado por tiSinto que tenho um peso no meu corpo Sentimento me poe assimSobrecarregado De love tou enfardadoPerdido num barcoMas eu s√≥ quero seguir a minha vida sozinho porque tu n√£o me fazes bemTenho os meus olhos vidrados na tua beleza miuda tu vens do al√©m A curva √© t√£o apertada e eu feito burro fico a bater os 100Coitada da minha m√£e Na barriga tem um rec√©m Ela queria mais e mais e maisMas eu j√° n√£o quero porque eu nunca fui dos taisSegui os sinaisBazei normalAgora sim tu ficas com quem gostas mais#leo2745 #elaqueriamais #hiphop #hiphoppt #hiphoptuga #musicaportuguesa #portuguesemusic #hitsportugal #portugal #underground #problemchildMusic video by LEO2745 performing ELA QUERIA MAIS. ¬© 2023 Universal Music Portugal, S.A.http://vevo.ly/IFsl1u"
B6h3Dlt3wVA,GIANT Gummy Worm #shorts,2023-03-31T08:33:42Z,UCeYTfGpNCmVhlxjQxBDrGPA,Mr DegrEE,24,23.27.04,194558801,4412754,3373,False,False,Gummy Worm Hack! Thank you for watching. Subscribe to Mr DegreeMusic: https://player.epidemicsound.com
FgTnY4G3hzM,1.000 MITOS EXTREMOS da Vida Real em 24 HORAS,2023-04-20T20:16:30Z,UCQaBi4mxFO87zLw2uM3-6-A,HERO Manteiga,24,23.27.04,462707,30231,528,False,False,"Veja como eu desmascarei 1.000 mitos da vida real‚óè C√≥digo MANTEIGA na loja do FortniteApoia eu l√°, isso ajuda demais, √© s√©rio!!!----------------------------------------------------------------‚Ä¢ Discord do canal: https://discord.com/invite/fUEUTE2‚Ä¢ Meu Instagram: https://www.instagram.com/hero_manteiga--------------------------------------------------------------------Contato Profissional: contato@canalmanteiga.com.br00:00 Comente BANANA pra ganhar um cora√ß√£ozinho00:15 Quem n√£o √© inscrito fica careca"
_v-Wd96t4VQ,Quando o boletim chega... I Falaidearo #shorts,2023-04-15T13:10:00Z,UCCJC7YIZytEccbU0AWQIBHA,Falaidearo,24,23.27.04,3643950,311996,446,False,False,Gostou? Se inscreva no canal e deixa o like!LOJA OFICIAL ‚û§ https://www.lolja.com.br/as-aventuras-de-mike/üü¢LIVRO VERDE: https://amzn.to/3fEu2Kg (As Aventuras de Mike 3: Mudando de Casa)üü†LIVRO LARANJA: https://amzn.to/3TfvJMN (As Aventuras de Mike 2: O Beb√™ Chegou)üîµLIVRO AZUL: https://amzn.to/3eiSNeL (As Aventuras de Mike 1)üü£LIVRO ROXO: https://amzn.to/3SSRaTV (As Aventuras de Mike: O Livro Interativo)- - - - - - - - - - - - - - - - - - - - - - - - - - - - - - - - - - - - - - - - - - - - - - - - - - - - - - - - - - - - - - -Segue a gente no Instagram:@manudigilio e @ogabrieldearoContato Profissional:comercial@dearoproducao.com- - - - - - - - - - - - - - - - - - - - - - - - - - - - - - - - - - - - - - - - - - - - - - - - - - - - - - - - - - - - - - -Apresenta√ß√£o: Gabriel Dearo e Manu DigilioRoteiro: Matheus KodakaDire√ß√£o: Lucas Precinoto Edi√ß√£o: EurixM√∫sicas do v√≠deo: epidemicsound.com/
brrUwsYFD18,me diga seu nome me diga ü§£ #shorts,2023-04-05T20:07:16Z,UCk7PLqymO8AziWRbBu8jeOA,BruninZor,24,23.27.04,3737518,313113,1652,False,False,lives de segunda √† sexta 16h! REDES SOCIAIS Instagramhttps://www.instagram.com/brunozzor Twitterhttps://twitter.com/Brunozor Tiktokhttps://bit.ly/3xjMtZl #bruninho #bruninzor #shorts
pov0FfWgZ9o,Prakash Saput New Song Sakambari [ Phoolmaya ] Sunil Thapa | Kusum Sharma | Official MV 2023,2023-04-13T09:00:08Z,UCLjMHtCwaTy4aCs-EVudqYQ,Prakash Saput,10,23.27.04,17572769,489530,22612,False,False,"In the lyrics of Sakambari song, it is shown how a common man goes on the wrong path due to his compulsion and ambition, while through the video, Sexual Harassment in different areas is presented symbolically.Prakash Saput Presents:- New Nepali Song 2023|| Sakambari ‡§∏‡§ï‡§Æ‡•ç‡§¨‡§∞‡•Ä ||#prakashsaput #sunilthapa #kusumsharma#newnepalisong #nikssharma#sudipsagar-----------------------------------------Official TikTok:- https://vt.tiktok.com/ZS8noNcX1/Spotify:- https://spoti.fi/3msgV2BiTunes:- https://apple.co/3oeB8sYüé∂ Audio Credits:- ‚ô¨ Vocal:- Prakash SaputBarta Gandharbha‚ô¨ Lyrics | Music:- Prakash Saput@PrakashSaput ‚ô¨ Music Arranger:- Sudip Sagar‚ô¨ Audio Mixing:- Shyamshwet RasailyPrisma Studio‚ô¨ Background Score:- Sudip Sagar Kiran BK‚ô¨ Flute:- Ratna BK@RatnaBKUtsukratnabk ‚ô¨ Sarangi:- Hemanta Kanchha Rasaily@HemantaKanchhaRasaily ‚ô¨ Guitar | Benjo:- Sanjeev Baraili@sanjeevbaraili2239 ‚ô¨ Dholak | Tabala:- Bhuwan Gandharbha‚ô¨ Madal:- Poshan Gharti Magar‚ô¨ Recordist:- Kamal Thapa Govinda Anek-----------------------------------------üé¨Ô∏è Video Credits:- üé¨Ô∏è Story | Direction:- Prakash Saputüé¨Ô∏è Co-Direction:-Sunil BK@BrothersBondOfficial üé¨Ô∏è Creative & Casting Direction:- Bishal Ghimireüé¨Ô∏è Choreographer:- Bibek Khadkaüé¨Ô∏è Cast:- Sunil ThapaKusum SharmaNiks SharmaSanjog RasailySaraswati AdhikariSarita RajopadhyayaSalik Bhandari& Othersüé¨Ô∏è Cinematographer:- Nabaraj Uprety(Maan Creation)üé¨Ô∏è Edit:- Prabin BhattaBP Films Nepalüé¨Ô∏è Color | VFX:- Milan Bishwokarmaüé¨Ô∏è Photography:- Janak Devkotaüé¨Ô∏è Publicity Design:- Gajendra ChaliseCreative Ideasüé¨Ô∏è Graphics & Title Animation:- Uttam Kumar KarkiSumeesha Creation@sumeeshacreation7381 üé¨Ô∏è Title Typography Design:- Pawan Simkhada @pyaropawan üé¨Ô∏è Content Mangement and Digital Distibution:- Rajendra Aryal @RajendraAryal üé¨Ô∏è Production Manager:- Milan Katwalüé¨Ô∏è Set Design:- Jata Shankar Gosaiüé¨Ô∏è Make Up Artists:- Bimala TamangSuman Lamaüé¨Ô∏è Fashion Designer:- Anisha Waibaüé¨Ô∏è Camera Assistants:- Rajib ChhetriIshwor RijalRitesh Thapa üé¨Ô∏è Focus Puller:- Laxman Upretyüé¨Ô∏è Light & Technical Management Team:- Sundar BaskotaLaxman KharelPrakash Kharelüé¨Ô∏è Spot Boy:- DipakSamirüé¨Ô∏è Equipment:- Chhaya Creationüé¨Ô∏è Transportation:- Kumar Gurungüé¨Ô∏è Kitchen:- Harka Lamaüé¨Ô∏è Special Thanks:- Everest Hospital, BaneshworGlow Beauty Studio, Kathmandu MallBlack & Gray Tatoo Studio, Kathmandu MallShrey Courtyard, AloknagarHotel Sabrina, Golfutarüé¨Ô∏è Thanks:- Dil Siris (kathalika.com) Lyrics:- ‡§ï‡§æ‡§®‡§Æ‡§æ ‡§ù‡•Å‡§Æ‡•ç‡§ï‡§æ‡§®‡§æ ‡§§‡§ø‡§Æ‡•ç‡§≤‡§æ‡§à ‡§ï‡§≤‡•ç‡§≤‡•á ‡§ï‡§ø‡§®‡•ç‡§¶‡§ø‡§Ø‡•ã ‡§®‡§æ‡§ï‡§ï‡•ã ‡§¨‡•Å‡§≤‡§æ‡§ï‡•Ä ‡§§‡§ø‡§Æ‡•ç‡§≤‡§æ‡§à ‡§ï‡§≤‡•ç‡§≤‡•á ‡§ï‡§ø‡§®‡•ç‡§¶‡§ø‡§Ø‡•ã..‡§™‡§æ‡§â‡§Æ‡§æ ‡§≤‡§æ‡§ï‡•ã ‡§™‡§æ‡§â‡§ú‡•Å, ‡§π‡§æ‡§§‡§Æ‡§æ ‡§∏‡•Å‡§®‡§ï‡•ã ‡§ö‡•Å‡§∞‡§æ ‡§§‡§ø‡§Æ‡•ç‡§≤‡§æ‡§à ‡§ï‡§≤‡•ç‡§≤‡§≤‡•á ‡§ï‡§ø‡§®‡•ç‡§¶‡§ø‡§Ø‡•ã‚Ä¶ ‡§´‡•Å‡§≤‡§Æ‡§æ‡§Ø‡§æ ‡•¨‡§ú‡§æ‡§ó‡•ç‡§Ø‡•ã ‡§∞‡§π‡§∞ ‡§™‡§æ‡§™‡•Ä ‡§∂‡§π‡§∞‡§ï‡•ã ‡§õ‡•à‡§® ‡§∏‡§ø‡§Æ‡§æ‡§®‡§æ ‡§Ü‡§´‡•ç‡§®‡•à ‡§∞‡§π‡§∞‡§ï‡•ã‡§≤‡•å ‡§ß‡§∞‡•ç‡§Æ‡•à ‡§Æ‡§æ‡§∏‡•ç‡§®‡•á ‡§ú‡§π‡§∞‡§≤‡•å ‡§∞‡§ô‡•ç‡§ó‡•Ä‡§® ‡§∞‡§ô‡•ç‡§ó‡•Ä‡§® ‡§∞‡§π‡§∞ ‡§§‡§ø‡§Æ‡•ç‡§≤‡§æ‡§à ‡§ï‡§≤‡•ç‡§≤‡•á ‡§ï‡§ø‡§®‡•ç‡§¶‡§ø‡§Ø‡•ã.. ‡§´‡•Å‡§≤‡§Æ‡§æ‡§Ø‡§æ..‡§ú‡•ã‡§µ‡§® ‡§∏‡§æ‡§ü‡•á‡§â‡§ï‡•Ä ‡§ß‡§®‡§ï‡•ã ‡§Ü‡§∏‡•à‡§≤‡•á ‡§¨‡§π‡§ï‡§æ‡§Ø‡•ã‡§ï‡§ø ‡§§‡§ø‡§Æ‡•ç‡§≤‡§æ‡§à ‡§ï‡§∏‡•à‡§≤‡•á‡§π‡•á‡§∞ ‡§π‡§ø‡§°‡•ç‡§õ‡•á‡§â ‡§™‡§∞ ‡§™‡§∞. ‡§π‡•á‡§∞ ‡§∞‡§æ‡§§‡•à ‡§∏‡•ç‡§ï‡•Å‡§ü‡§∞‚Ä¶‡§§‡§ø‡§Æ‡•ç‡§≤‡§æ‡§à ‡§ï‡§≤‡•ç‡§≤‡•á ‡§ï‡§ø‡§®‡•ç‡§¶‡§ø‡§Ø‡•ã.. ‡§´‡•Å‡§≤‡§Æ‡§æ‡§Ø‡§æ‡§ß‡•Å‡§µ‡§æ‡§Å ‡§∏‡§∞‡•Ä ‡§Æ‡§® ‡§â‡§°‡§º‡§® ‡§¶‡§ø‡§Ø‡•å‡§∞‡§´‡•Å‡§≤‡•à ‡§∏‡§∞‡•Ä ‡§§‡§® ‡§ö‡•Å‡§Å‡§°‡§® ‡§¶‡§ø‡§Ø‡•å‡§∞‚Ä¶‡§Ø‡§∏‡•ç‡§§‡•ã ‡§Ü‡§Å‡§ñ‡§æ ‡§ñ‡§æ‡§®‡•á  ‡§°‡§æ‡§à‡§Æ‡§£‡•ç‡§°‡§Ø‡§∏‡•ç‡§§‡•ã ‡§à‡§Æ‡§æ‡§® ‡§ñ‡§æ‡§®‡•á  ‡§ò‡§Æ‡§£‡•ç‡§° ‡§§‡§ø‡§Æ‡•ç‡§≤‡§æ‡§à ‡§ï‡§≤‡•ç‡§≤‡•á ‡§ï‡§ø‡§®‡•ç‡§¶‡§ø‡§Ø‡•ã.. ‡§´‡•Å‡§≤‡§Æ‡§æ‡§Ø‡§æ‡§ò‡§æ‡§ü‡•Ä ‡§®‡§ø‡§∞‡•à ‡§°‡§æ‡§Æ ‡§ï‡•á ‡§ï‡•ã ‡§π‡•ã‡§≤‡§æ‡§®‡•Ä ‡§∞‡§æ‡§§‡•Ä ‡§§‡§ø‡§∞‡•à ‡§ï‡§æ‡§Æ ‡§ï‡•á ‡§ï‡•ã ‡§π‡•ã‡§≤‡§æ‡§®‡•Ä‡§ì‡§π‡•ã ‡§Æ‡•Å‡§≤‡•ç‡§Ø ‡§¨‡§¢‡•Ä ‡§¨‡§¢‡•Ä, ‡§ì‡§π‡•ã ‡§Æ‡•ã‡§¨‡§æ‡§à‡§≤ ‡§ü‡§ø‡§≠‡•Ä ‡§ò‡§°‡•Ä‡§§‡§ø‡§Æ‡•ç‡§≤‡§æ‡§à ‡§ï‡§≤‡•ç‡§≤‡•á ‡§ï‡§ø‡§®‡•ç‡§¶‡§ø‡§Ø‡•ã.. ‡§´‡•Å‡§≤‡§Æ‡§æ‡§Ø‡§æ‡§∞‡§∏ ‡§ó‡§æ‡§≤‡•à‡§ï‡•ã ‡§∏‡•Å‡§ï‡•Ä ‡§ú‡§æ‡§®‡•á‡§õ‡§Ü‡§´‡•ç‡§®‡•à ‡§Ü‡§§‡•ç‡§Æ‡§æ‡§≤‡•á ‡§•‡•Å‡§ï‡•Ä ‡§ú‡§æ‡§®‡•á‡§õ‡§Ø‡•ã ‡§µ‡•à‡§∂ ‡§∏‡§ß‡•à ‡§´‡§≤‡•ç‡§õ, ‡§Ø‡•ã ‡§ú‡§ø‡§µ‡§® ‡§Ø‡§∏‡•à ‡§ö‡§≤‡•ç‡§õ ‡§§‡§ø‡§Æ‡•ç‡§≤‡§æ‡§à ‡§ï‡§≤‡•ç‡§≤‡•á ‡§≠‡§®‡•ç‡§¶‡§ø‡§Ø‡•ã.. ‡§´‡•Å‡§≤‡§Æ‡§æ‡§Ø‡§æ Lyrics In English:- Kanma Jhumkana Timlai Kalle KindiyoNakko Bulaki Timlai Kalle KindiyoPauma Lako Pauju, Hatma Sunko ChuraTimlai Kalle Kindiyo, PhoolmayaJagyo Rahar Papi ShaharkoChhaina Simana Aafnai RaharkoLau Dharmai Masne JaharLau Rangin Rangin RaharTimlai Kalle Kindiyo, PhoolmayaJoban Sateuki Dhanko AashaileBahakayoki Timlai KasaileHera Hidchheu Para ParaHera Ratai ScooterTimlai Kalle Kindiyo, PhoolmayaDhuwa Sari Man Udna DiyauraPhoolai Sari Tan Chudna DiyauraYesto Aankha Khane DiamondYesto Iman Khane GhamandTimlai Kalle Kindiyo, PhoolmayaGhati Nirai Dam Ke Ko HolaniRati Tirai Kaam Ke Ko HolaniOho Mulya Badhi BadhiOho Mobile TV GhadiTimlai Kalle Kindiyo, PhoolmayaRasa Galaiko Suki JanechhaAafnai Aatmale Thuki JanechhaYo Baisha Sadhai PhalchhaYo Jiban Yesai ChalchhaTimlai Kalle Bhandiyo, Phoolmaya----------------------------------------Stream my songs on:- iTunes:- https://apple.co/3KBHl8tAmazon:- https://amzn.to/3KCG5BQSpotify:- https://spoti.fi/35UJ2PsApple Music:- https://apple.co/3pZvlWpTidal:- https://bit.ly/3I7C2fcAmazon Music:- https://amzn.to/3pTNZifSoundcloud:- https://bit.ly/3tPsNLDYouTube Music:- https://bit.ly/3CBSd3jDeezer:- https://bit.ly/3CE9E3sQobuz:- https://bit.ly/3HY5mVuNapster:- https://bit.ly/3hY31PFSocial Links:- Facebook:- https://goo.gl/QubDZCWeb:- https://goo.gl/6BdrgDTwitter:- https://goo.gl/1t8S62Instagram:- https://goo.gl/Tjii86Subscribe to me:- https://goo.gl/RbyyaS¬© & ‚Ñó Prakash Saput, All Rights Reserved."
uvbKI8Bc9dA,MC PH - Os Bico T√£o Se Perguntando (Clipe Oficial) (GR6 Explode),2023-04-07T15:00:09Z,UCNUQK9mQoqi4yNXw2_Rj6SA,GR6 EXPLODE,10,23.27.04,14879474,333555,8197,False,False,MC PH - Os Bico T√£o Se Perguntando (Clipe Oficial) (GR6 Explode) DJ GBRFicha t√©cnica:Artista: MC PHM√∫sica: Os Bico T√£o Se PerguntandoProdu√ß√£o Musical: DJ GBRProduzido por GR6 FilmesEste videofonograma √© um produto original e pr√≥prio da Gravadora e Editora. A c√≥pia dele ou o reenvio do mesmo resultar√° em grandes implica√ß√µes ao seu canal do youtube ou at√© a exclus√£o do mesmo.GR6 EXPLODE ¬Æ#GR6EXPLODE #Gr6Filmes Ano 2023
bl7IqyEyqhY,Starship Explosion Video: Watch Elon Musk's Rocket Explode After Launch | WSJ,2023-04-20T14:39:47Z,UCK7tptUDHh-RYDsdxO1-5QQ,Wall Street Journal,25,23.27.04,3974275,32259,9433,False,False,SpaceX‚Äôs massive Starship rocket exploded minutes after it cleared the launch pad during a flight test Thursday. Elon Musk had said the test posed steep challenges and risks. Photo: SpaceX#Starship #ElonMusk #WSJ
oeUi_BOOrB0,Giant Easter egg money ball!! #familyfun #easter,2023-04-09T16:00:29Z,UC-OfPFc1p-FclPQc2nXg1FA,Klem Family,24,23.27.04,19056957,957497,1124,False,False,Subscribe for family friendly challenges every day!!#familythings #family #challenge #easter #eastergames #moneyball #moneygames #partygames #competition #fun #game #familygamenight #familyfun #shorts Join our channel to get access to perks:www.youtube.com/klemfamily/joinFOLLOW US ON ALL SOCIAL MEDIA!!!!!:Instagram: https://www.instagram.com/theklemfamily/TikTok: https://vm.tiktok.com/ZMJmwq3fB/Snapchat: https://www.snapchat.com/add/theklemfamilyFacebook: https://www.facebook.com/KlemFamily/Twitter: https://twitter.com/brian_klemTriiler: https://triller.co/@klemfamilyAll our links:https://beacons.page/bklem55
lTnSbM91E3w,Î≤àÏ©çÎ≤àÏ©ç Í±∞Î¶¨Îäî ÏûÖ,2023-04-02T09:55:00Z,UCPhHBEtG6dVZ5fJKoNArcJw,ÏäπÎπÑÎãà Seungbini,22,23.27.04,277858608,8310509,35282,False,False,#mystupidheart #tutorial #tiktok
KrLnAuQXDSA,Assault JOIAS NO PULSO - Borges | Oruam | Chefin | MC Poze do Rodo | Orochi,2023-04-05T21:45:11Z,UCDiQ-LZ8dfc3cmoGBxMDS7Q,Mainstreet Records,10,23.27.04,5164968,207025,17875,False,False,"Ou√ßa #AssaultJoiasNoPulso em todas as plataformas digitais: https://onerpm.link/AssaultJoiasNoPulsoSe inscreva no canal e ative o sino de notifica√ß√µes para n√£o perder nenhum lan√ßamento!INGRESSOS MAINSTREET FESTIVAL: https://embedstore.ingresse.com/tickets/www.ingresse.com/event/63167?passkey=ASSAULT  C√ìDIGO 25% OFF: ASSAULTComposi√ß√£o: Borges, Oruam, Chefin, MC Poze do Rodo, OrochiProdu√ß√£o Musical: Ajaxx, Kizzy, RUXNMix: RUXNMaster: 2F U-FlowFicha t√©cnica:Dire√ß√£o: Pedro DaRuaDOP: Guilherme CardosoFoquista: Renan HerisonAD: Maur√≠cio Barbosa 1¬∞ assistente de c√¢mera: Diogo Oliveira 2¬∞ assistente de c√¢mera: Bruno Correia Steadicam: Leandro Brigido Operador de cammate: Maur√≠cio de SenaAssistente de cammate: Adriano Gon√ßalves SilvaProdu√ß√£o: Mari Campitelli Assistente de produ√ß√£o: Mariana AddorGaffer: Lu√£ Pereira Eletricista; Thales MacielAssistente de el√©trica: Sam LimaDire√ß√£o de Arte: Barbara DonatelloAssist√™ncia de Arte: Julianna PimentaProdu√ß√£o de Arte: Guilherme Miranda Contrarregra Chefe: Lucas FirminoAssist√™ncia de Contrarregra: Gabriel NascimentoStylist: Rafael FerreroAssist√™ncia de styling: Livia QuerasianFot√≥grafo still: Jo√£o MaiaMaking Of: Natalia ElmorMontagem: Pedro DaRua CRT: Cand Vfx: Tulio Barros Color grading: Pedro DaRua¬©‚Ñó Mainstreet Records"
9mzcW5vfdcY,Porque √© que acabamos? Q&A| Numeiro,2023-04-24T17:25:13Z,UCBQmuH679qAvJhsZTIfF-ww,NUMEIRO,24,23.27.04,184276,15337,840,False,False,PODCAST: https://youtube.com/@DeficedeatencaoFor business inquiries: numeiro@gmail.comLink no coment√°rio afixado.
-L4JxcmcGjU,Escondeu toda Comida üç¶,2023-04-08T14:07:00Z,UC371icpvZj2oQaocL0i9L-g,DUDU e CAROL,24,23.27.04,90433463,1498814,766,False,False,"A Carol chegou e o Dudu escondeu toda comida rapidamente e o sorvete Hahah, fazer o que com esses dois n√©#DUDUeCAROL #shorts"
RiTTjYxXAGI,Hilarious FAKE TONGUE Prank by WEDNESDAYüòèüñ§,2023-03-28T19:15:00Z,UCco5g2NRNA5ACPm03F3H8mA,La La Life Shorts,26,23.27.04,73424320,1272759,1272,False,False,"Wednesday competes with a soft boy today! Who will be cooler at our school? Good or bad student? Watch in our new video!#lalalife #games #wednesday #bad #good #soft #extreme #tiktok MUSIC üé∏ü§òüéºüéµhttps://open.spotify.com/playlist/1cn14lHqIGqj5JTm9twoLZ?si=c766287fd35742fbSpotify: https://spoti.fi/37u8FFoiTunes: https://apple.co/3juCo3uGoogle Music: https://bit.ly/3me5FkpShare and subscribe if you like video:@La La Life@La La Life Games@La La Life EmojiMERCH üéÅ üéÅ üéÅLa La Life SHOP: https://amzn.to/2IrvS0r‚Äì‚Äì‚Äì‚Äì‚Äì‚Äì‚Äì‚Äì‚ÄìAll product and company names shown in the video are trademarks‚Ñ¢ or registered¬Æ trademarks of their respective holders. The use of them does not imply any affiliation with or endorsement by them.This video is made for entertainment purposes. We do not make any warranties about completeness, safety, and reliability. Any action you take upon the information on this video is strictly at your own risk, and we will not be liable for any damages or losses. It is the viewer's responsibility to use judgment, care, and precautions if one plans to replicate.The following video might feature activity performed by our actors within a controlled environment - please use judgment, care, and precaution if you plan to replicate."
PkQH67mwHPw,V1-01 | Estou Apaixonado - Ao Vivo | DVD Daniel 40 Anos: Celebra Jo√£o Paulo & Daniel,2023-04-10T13:00:11Z,UCZ9yRhwZxdiz6kF09quMZHQ,Daniel Oficial,10,23.27.04,6730550,163536,8763,False,False,"Ou√ßa #Daniel40Anos Vol.1 em todas as plataformas:https://onerpm.link/daniel40anos Se inscreva no canal e ative o sino de notifica√ß√µes para n√£o perder nenhum lan√ßamento!__LETRA: Quero beber o mel de sua bocaComo se fosse uma abelha rainhaQuero escrever na areia sua hist√≥ria junto com a minhaE no acorde doce da guitarraTocar as notas do meu pensamentoE em cada verso traduzir as fibras do meu sentimentoQue estou apaixonadoQue este amor √© t√£o grandeQue estou apaixonado e s√≥ penso em voc√™ a todo instanteUh lai√° √™h ohUh uh uh uhLai√° √™h ohEu quero ser o ar que tu respirasEu quero ser o p√£o que te alimentaEu quero ser a √°gua que refrescaO vinho que te esquentaE se eu cair, que caia em seu abra√ßoSe eu morrer, que morra de desejoAdormecer dizendo que te amoE te acordar com um beijoQue estou apaixonadoQue este amor √© t√£o grandeQue estou apaixonado e s√≥ penso em voc√™ a todo instanteQuero sair contigo em noite enluaradaDois adolescentes pela madrugadaPra viver a vida sem pensar em nadaQue estou apaixonado (estou apaixonado)Que este amor √© t√£o grandeQue estou apaixonado e s√≥ penso em voc√™ a todo instanteQue estou apaixonado (estou apaixonado)Que este amor √© t√£o grandeQue estou apaixonado e s√≥ penso em voc√™ a todo instante__Ficha T√©cnica:  Cria√ß√£o: Daniel Camillo  Dire√ß√£o Geral: Matheus Possebon  Gerente Art√≠stica: Alessandra Meschini Produtor: Casagrande Produ√ß√£o Executiva: Fernanda Faria Dire√ß√£o de imagens: Marcelo Amiky Montagem e Color Grading: Douglas ‚ÄúNinja‚Äù Guedes Cenografia: Ludmila Machado  Dire√ß√£o de Fotografia: Alexandre Augusto  Dire√ß√£o e Produ√ß√£o Musical, Arranjos e Mixagens: Rodrigo Costa  Bateria: ADERSON KARANBaixo: LAU GOMESGuitarra: ALEXANDRE BUENOPiano: RODRIGO COSTATeclado: ANDERSON TOLEDOViol√£o: FRANCO ALENCARPercuss√£o: ALE DI VIEIRACoro: FABI MOREIRA / MONALIZA NUNES / RODRIGO COSTAViolino: MARCOS SCHEFELL / CUCAViola: DANIEL PIRESCello: RAFAEL CES√ÅRIOTrompete: AZEITONA / BRUNO BELLASCOTrombone: JORGINHO NETOSax: DENILSON MARTINS / SAMUEL POMPEOTrompa: JESSiCA VICENTE Fagote: SANDRA RIBEIRORealiza√ß√£o: Daniel Promo√ß√µes / Opus Entretenimento Divulga√ß√£o Digital: LAB 3 TV Dire√ß√£o Digital: M√°rcinho BertoloneCoordena√ß√£o Digital: Malu Kusanovich Distribui√ß√£o: ONErpm______________________________________________Acompanhe o Cantor Daniel: www.facebook.com/cantorDanieltwitter.com.br/cantordanielinstagram.com/cantordanielwww.daniel.art.br#EstouApaixonado #CelebraJo√£oPauloeDaniel"
czSvd7qRqtQ,ÏöîÏ¶òÏú†Ìñâ Ï∞çÎäîÎ≤ï,2023-03-28T06:00:12Z,UCDsDdULLy8bbeFfAPC2mp5w,Ïò§ÎßàÏù¥ÎπÑÌÇ§ OMV,24,23.27.04,33004380,963825,3461,False,False,
UxxaFQ2bGac,JOGADORES DE FUTSAL QUANDO V√ÉO JOGAR CAMPO! üòÇ,2023-04-03T23:08:49Z,UCRnm8ShuRneFxonK4hXW-EA,Consagrados,17,23.27.04,2905840,236030,153,False,False,
twz5K30KJ68,3 Accessories BANNED in Football..,2023-03-26T22:37:47Z,UCXsJyNCjFthPLQ9U5KI-Frg,KickFlix,17,23.27.04,25135422,1357421,2190,False,False,Follow Our Social Media:Tik Tok: @thekickflixInstagram: https://www.instagram.com/thekickflix/ Twitter: https://www.twitter.com/thekickflix/Snapchat: thekickflix#short #Fifa #Football
oFE63C-pS28,ONDE PULAR √â O OVO DE PASCOA,2023-04-06T15:00:38Z,UCoqF0FUkUdt5n7_uks37hlg,Segue o Jogo Shorts,22,23.27.04,9161651,303280,616,False,False,#aladdin #bolivia #futebol@segueojogo@boladdin
2UckBa7WEiQ,ACERTE O YOUTUBER OU LEVE PAULADA! ü™µüòµ‚Äçüí´ #shorts,2023-04-05T13:29:14Z,UCeEl6ounfAex3hHMSUdBk_Q,HERO Toniket,20,23.27.04,2585626,187500,331,False,False,#shorts
1WEAJ-DFkHE,"$1 vs $500,000 Plane Ticket!",2023-04-01T20:00:04Z,UCX6OQ3DkcsbYNE6H8uQQuVA,MrBeast,24,23.27.04,135708608,4737799,141870,False,False,Check out ALL of MrBeast‚Äôs awesome jobs or discover a new opportunity at https://bit.ly/MrBeast_ZipRecruiterNew Merch - https://shopmrbeast.com/SUBSCRIBE OR I TAKE YOUR DOG‚ïî‚ïê‚ï¶‚ïó‚ïî‚ï¶‚ïó‚ïî‚ïê‚ï¶‚ïê‚ï¶‚ï¶‚ï¶‚ï¶‚ïó‚ïî‚ïê‚ïó‚ïë‚ïö‚ï£‚ïë‚ïë‚ïë‚ïö‚ï£‚ïö‚ï£‚ïî‚ï£‚ïî‚ï£‚ïë‚ïö‚ï£‚ïê‚ï£ ‚ï†‚ïó‚ïë‚ïö‚ïù‚ïë‚ïë‚ï†‚ïó‚ïë‚ïö‚ï£‚ïë‚ïë‚ïë‚ïë‚ïë‚ïê‚ï£‚ïö‚ïê‚ï©‚ïê‚ïê‚ï©‚ïê‚ï©‚ïê‚ï©‚ïê‚ï©‚ïù‚ïö‚ï©‚ïê‚ï©‚ïê‚ïù----------------------------------------------------------------follow all of these or i will kick you‚Ä¢ Facebook - https://www.facebook.com/MrBeast6000/‚Ä¢ Twitter - https://twitter.com/MrBeast‚Ä¢  Instagram - https://www.instagram.com/mrbeast‚Ä¢  Im Hiring! - https://www.mrbeastjobs.com/--------------------------------------------------------------------
Tie8E0JxY2Y,BISPO - Planeta ft. B√°rbara Tinoco,2023-03-24T12:00:07Z,UCpom9wWg9zurv7f5RWTyn3Q,Bispo2725,10,23.27.04,1334430,27815,327,False,False,"https://BispoBarbaraTinoco.lnk.to/PlanetaAcompanha-me aqui:Instagram: https://www.instagram.com/bispo2725 Twitter: https://www.twitter.com/bispo2725 Facebook: https://www.facebook.com/bispo2725TikTok: https://www.tiktok.com/@bispo2725 M√öSICALetra: Bispo e B√°rbara TinocoProdu√ß√£o: FRANKIEONTHEGUITAR, HumbleBee e D'ayGrava√ß√£o: Dminor e D'ay no Dynamic StudiosMix & Master: Michael ‚ÄúMic‚Äù Ferreira | Sine FactoryV√çDEORealizador: Mike AK Produ√ß√£o Criativa/ Executiva: One House Only Produtor: Pedro D√≥rdio1st Production Assist: In√™s MarizProduction Assist  Rita BenedyOp Camera: Jake Hoyt1st Ac: Jo√£o FerreiraGaffer: Daniel Nicolau Spark: Carlos TrindadeSpark: Carlos ZenidaDiretora de Arte: Mariana EstevesAssistente Dir. Arte: Sara Vieira Stylist: Raquel Guerreiro MUA (B√°rbara Tinoco) : Raquel EstevensHair ( Barbara Tinoco) : Erik e HairfusionColorista: Mike AKAgradecimentos: Algures no Planisf√©rio, Arrepio Est√∫dio e Pal√°cio Estoril Hotel Golf & Wellness."
WbOizEzS6Gs,SOBREVIVI 24 HORAS EM LUGARES EXTREMOS,2023-04-07T20:05:37Z,UCQaBi4mxFO87zLw2uM3-6-A,HERO Manteiga,24,23.27.04,2234722,42819,2047,False,False,"Veja como eu sobrevivi 24 horas em lugares extremos!‚óè C√≥digo MANTEIGA na loja do FortniteApoia eu l√°, isso ajuda demais, √© s√©rio!!!----------------------------------------------------------------‚Ä¢ Discord do canal: https://discord.com/invite/fUEUTE2‚Ä¢ Meu Instagram: https://www.instagram.com/hero_manteiga--------------------------------------------------------------------Contato Profissional: contato@canalmanteiga.com.br00:00 Comente BANANA pra ganhar um cora√ß√£ozinho00:15 Quem n√£o √© inscrito fica careca"
SOhSu6BLchA,"You always dreamed of being a ballerina, but your parents didn't even have money for pointe shoes",2023-03-27T14:20:11Z,UClZAOlfhJQJRym39WoAPxdw,XO TEAM,10,23.27.04,32691557,1822122,2328,False,False,
xbU6mVkokZE,How The Dogecoin Millionaire LOST $3 MILLION,2023-04-04T19:00:32Z,UCV6KDgJskWaEckne5aPA0aQ,Graham Stephan,27,23.27.04,9178385,408267,3138,False,False,How The Dogecoin Millionaire Lost $3 Million Dollars. Enjoy! Add me on Instagram: GPStephan
2Luz4VIUU-g,ACERTE A COMIDA OU LEVE CINTADAüò± #shorts,2023-03-31T17:16:31Z,UCeEl6ounfAex3hHMSUdBk_Q,HERO Toniket,20,23.27.04,5949693,302687,336,False,False,#shorts
4Nl_72WDDxY,Comi a Pizza de Ouro #shorts,2023-04-16T16:48:11Z,UCNrthyyJVjrJUpePrl6lW_g,Neagle,24,23.27.04,2718395,285612,822,False,False,
s4AJXjg3718,#behindthescenes @CrissaJackson,2023-03-28T15:09:39Z,UCqRA8aWsCmnPNnGhe7inIYw,Happy Kelli,22,23.27.04,34388040,1048033,1236,False,False,
jaVdD4Z8UCs,SIDHU MOOSE WALA : Mera Na (Official Video) Feat. Burna Boy & Steel Banglez | Navkaran Brar,2023-04-07T04:27:24Z,UC9ChdqQRCaZmTCwSJ49tcbw,Sidhu Moose Wala,10,23.27.04,38192547,3215846,1283175,False,False,"Sidhu Moose Wala Presents Mera Na featuring Burna Boy & Steel BanglezSinger/Lyrics - Sidhu Moose WalaRap/Lyrics - Burna BoyMusic - Steel BanglezAdditional music production: JB Productions & A Singh Music Director/Edit - Navkaran BrarDop (India Part) : Shoeb SiddiquiLine producer (India Part) : Kunal bhaganiaProduction (India Part ) : sai films productionVideo Production (UK Part) : Madbrothers Productions Di Colorist - Onkar SinghVisual Production (UK Part) : Vee Virdi, Guv CatalystStoryboard drawing : Mantaj SidhuAssistants : Akash rana, Ashul, Jasspreet, Jolly Bts : Sardar Boy VFX by Inside Motion PicturesVFX directors : InsideAKY & Himanshu DharDeepfake by Insight KetiVfx & CGI compositors :Gaurav Manku, Parmeet Birdi VFX team DOP : Manvir Dhaliwal Prep Artist : Krishan KhannaSpecial thanks: Vinay PratapPromotions - Gold Media EntertainmentPowered by One Digital Entertainment Burna Boy appears courtesy of On A Spaceship/Bad Habit Records/Atlantic Recording CorporationLabel - Sidhu Moose WalaStay Tuned On - Spotify - http://bit.ly/40MKtHaiTunes - http://bit.ly/3ZJy8CcAmazon Music - http://bit.ly/3ZX9UogSaavn - http://bit.ly/3KIqGDeGaana - http://bit.ly/3mfzsyYWynk Music - http://bit.ly/3KuONE5Resso - https://bit.ly/4182H5vHungama - https://bit.ly/3Kmu3OyDeezer - https://bit.ly/3ZTFXVUBoomplay - http://bit.ly/3ZJyvwAYouTube Music - http://bit.ly/3zEFWdPAudiomack - http://bit.ly/41aPU27Anghami - http://bit.ly/3mg0QggClick to Subscribe - https://bit.ly/SidhuMooseWalaSubscribeTwitter - https://www.twitter.com/iSidhuMooseWalaFacebook - https://www.facebook.com/SidhuMooseWalaInstagram - https://instagram.com/Sidhu_MooseWalaSnapChat - https://www.snapchat.com/add/SidhuShubh#SidhuMooseWala"
jDNbtm9X2Cg,When someone blows up the bathroom‚Ä¶,2023-03-29T21:36:00Z,UCRjvaqLNbo1LOWpI3_LpWgQ,BwaJack,1,23.27.04,30179378,2517146,8179,False,False,
Q6JSbmRkTqY,Wednesday VS Enid: Who is The Best Mommy? #shorts,2023-03-30T15:30:12Z,UChkZElwBp90FQHJZwmhBPxA,Troom Oki Toki,24,23.27.04,57172334,1030950,1192,False,False,Watch the full video: https://youtu.be/RyEu-2dNhF8Watch the more videos: @TroomOkiToki
QEanF6bf5qY,24 HORAS COMENDO COMIDA COM AS LETRAS ‚ÄúM A R I A‚Äù,2023-03-26T21:00:08Z,UC45zwHCRNT5jA8sC5DUW7oQ,uJo√£ozinho,22,23.27.04,3970745,240242,560,False,False,
-i1a6yDDEO4,TENTE ADIVINHAR A COR! #shorts,2023-03-28T21:00:00Z,UCbWSi5ROL8Lin2uQWgE11zA,ESCOLA FANT√ÅSTICA OFICIAL,22,23.27.04,2290008,74662,73,False,False,
ZLLcxNiQ9Yg,6ix9ine - Bori feat. Lenier (Official Music Video),2023-03-31T19:57:44Z,UCF6jRAgCbSanHolKt0Vt6Qw,Tekashi 6ix9ine,10,23.27.04,27539392,1110673,73021,False,False,"Bori OUT NOWSTREAM / DOWNLOAD: https://69.lnk.to/bori6ixn9ine / La Corporacion Music, Distributed by Create Music Group"
3IMGatllofY,Resumo | Inter 3-3 SL Benfica | Champions League 22/23,2023-04-19T21:14:30Z,UC1pS02BkdhdCAlzKjcZTksQ,ELEVEN Portugal,17,23.27.04,91761,1649,454,False,False,"Resumo do jogo entre o Inter e o SL Benfica a contar para os quartos de final da Champions League.ELEVEN üì∫ Canal Oficial da Champions League, Premier League, LaLiga, Ligue 1, Bundesliga, NFL, WTA 1000, Formula E, World Padel Tour e muito mais .Adere j√° em https://www.elevensports.pt/  #ChampionsELEVEN"
LhnW18D9qzc,THE BEST TOOTHBRUSH ü§£ #shorts,2023-03-29T05:00:12Z,UCNRl8nOCoUvki2FNFxQZgEg,dednahype,23,23.27.04,50903957,727562,409,False,False,#shorts
KLmfJFu2Djw,Color match money challenge!! #familygamenight,2023-03-24T13:00:13Z,UC-OfPFc1p-FclPQc2nXg1FA,Klem Family,24,23.27.04,41075615,1931845,3643,False,False,Subscribe for family friendly challenges every day!!#familythings #family #challenge #moneyball #moneygames #partygames #competition #fun #game #familygamenight #familyfun #shorts Join our channel to get access to perks:www.youtube.com/klemfamily/joinFOLLOW US ON ALL SOCIAL MEDIA!!!!!:Instagram: https://www.instagram.com/theklemfamily/TikTok: https://vm.tiktok.com/ZMJmwq3fB/Snapchat: https://www.snapchat.com/add/theklemfamilyFacebook: https://www.facebook.com/KlemFamily/Twitter: https://twitter.com/brian_klemTriiler: https://triller.co/@klemfamilyAll our links:https://beacons.page/bklem55
A2Rk6o-fCJM,Quanto pedem pra eu matar uma barata... I Falaidearo,2023-03-29T14:11:00Z,UCCJC7YIZytEccbU0AWQIBHA,Falaidearo,24,23.27.04,9366350,466615,857,False,False,Gostou? Se inscreva no canal e deixa o like!LOJA OFICIAL ‚û§ https://www.lolja.com.br/as-aventuras-de-mike/üü¢LIVRO VERDE: https://amzn.to/3fEu2Kg (As Aventuras de Mike 3: Mudando de Casa)üü†LIVRO LARANJA: https://amzn.to/3TfvJMN (As Aventuras de Mike 2: O Beb√™ Chegou)üîµLIVRO AZUL: https://amzn.to/3eiSNeL (As Aventuras de Mike 1)üü£LIVRO ROXO: https://amzn.to/3SSRaTV (As Aventuras de Mike: O Livro Interativo)- - - - - - - - - - - - - - - - - - - - - - - - - - - - - - - - - - - - - - - - - - - - - - - - - - - - - - - - - - - - - - -Segue a gente no Instagram:@manudigilio e @ogabrieldearoContato Profissional:comercial@dearoproducao.com- - - - - - - - - - - - - - - - - - - - - - - - - - - - - - - - - - - - - - - - - - - - - - - - - - - - - - - - - - - - - - -Apresenta√ß√£o: Gabriel Dearo e Manu DigilioRoteiro: Rafael CaetanoDire√ß√£o: Lucas Precinoto Edi√ß√£o: EurixM√∫sicas do v√≠deo: epidemicsound.com/
QXQQAsIhHMw,"ROSAL√çA, Rauw Alejandro - BESO (Official Video)",2023-03-24T04:00:06Z,UCy2bCk5KnIfjmWYFHMZcd5w,RosaliaVEVO,10,23.27.04,43774348,980175,17496,False,False,"Official video for ‚ÄúBESO‚Äù by ROSAL√çA & Rauw AlejandroListen & Download ‚ÄòRR‚Äô out now: https://rosalia.lnk.to/rosaliayrauwShop the official store: https://rosalia.lnk.to/merchAmazon Music - https://rosalia.lnk.to/rosaliayrauw/amazonmusicApple Music - https://rosalia.lnk.to/rosaliayrauw/applemusicDeezer - https://rosalia.lnk.to/rosaliayrauw/deezeriTunes - https://rosalia.lnk.to/rosaliayrauw/itunesSoundCloud - https://rosalia.lnk.to/rosaliayrauw/soundcloudSpotify - https://rosalia.lnk.to/rosaliayrauw/spotifyTidal - https://rosalia.lnk.to/rosaliayrauw/tidalYouTube Music - https://rosalia.lnk.to/rosaliayrauw/youtubemusicLyrics(Rosalia)Ya yo necesito otro beso Un de esos que tu me dasEstar lejos de ti es el infierno Estar cerca de ti es mi pazY es que amo siempre que llegas Y odio cuando te vasYo me voy contigo a matar No me dejes sola¬øPa donde vas?¬øA donde vas? (Rauw)Ven pa aca (Rosalia)¬øPa donde vas? (Rauw)Uuooh UuoohSi me bailas me lo das to‚ÄôUuooh UuoohYa tamo solos y se quita to‚ÄôMis sentimientos no caben en esta pluma, como decirte?Tu eres el exponente infinito la ‚Äúx‚Äù y la ‚Äú+‚Äù te queda peque√±a la lunaY aunque este lejosTu eres la persona m√°s cerca de mi Si mi cel se va a apagarSolo te aviso a ti Si antes hubo otra vida de tus aguas beb√≠, conocerte debi(Rosalia)Lo mejor que tengoEs el amor que me das Huele a tabaco y mel√≥n Y a domingo en la ciudadSi tu me esperasEl tiempo puedo doblar El cielo puedo amarrar Y dartelo entero(Rauw)Yo quiero que me des otro beso Uno de eso que tu me das Estar lejos de ti es el infierno Estar cerca de ti es mi pazY es que amo siempre que llegas Y odio cuando te vasYo me voy contigo a matar  No me dejes solo¬øPa donde vas?¬øA donde vas? (Rosalia)Fumas como si te fueran a echar por fumar Bailas como s√© que se mover√≠a un Dios al      bailarY besas como que siempre hubieras sabido besarY nadie a ti te tuvo que ense√±arLo mejor que tengoEs el amor que me das Huele a tabaco y mel√≥n Y a domingo en la ciudad (Rauw)Y si tu me esperasEl tiempo puedo doblar, el cielo puedo amarrar y dartelo entero(Rosalia & Rauw)Ya yo necesito otro beso Un de eso que tu me dasEstar lejos de ti es el infierno Estar cerca de ti es mi pazY es que amo siempre que llegas Y odio cuando te vasYo me voy contigo a matarNo me dejes sola¬øPa donde vas?¬øA donde vas?Follow ROSAL√çA Facebook - https://www.facebook.com/rosalia.vtInstagram - https://www.instagram.com/rosalia.vt/Twitter - https://twitter.com/rosaliaTikTok - https://www.tiktok.com/@rosaliaFollow Rauw Alejandro Facebook - https://www.facebook.com/rauwalejandroInstagram - https://www.instagram.com/rauwalejandro/Twitter - https://twitter.com/rauwalejandroTikTok - https://www.tiktok.com/@rauwalejandrohttps://www.rosaliayrauw.com/#ROSAL√çA #RauwAlejandro #RR"
BOQcUTfA1aE,CHUTEIRA DE AN√ÉO ZOADA ‚öΩÔ∏è,2023-04-06T21:15:31Z,UC2pPQq_L7pfpFfzl98U-0_w,Gabriel Tarobinha,24,23.27.04,3304247,219235,80,False,False,
iuk77TjvfmE,Marvel Studios‚Äô The Marvels | Teaser Trailer,2023-04-11T12:46:57Z,UCvC4D8onUfXzvjTOM-dBfEA,Marvel Entertainment,24,23.27.04,18322636,514440,67421,False,False,"Teaming up changes eÃ∂vÃ∂eÃ∂rÃ∂yÃ∂tÃ∂hÃ∂iÃ∂nÃ∂gÃ∂ everyone.Captain Marvel, Ms. Marvel and Monica Rambeau return in Marvel Studios' #TheMarvels, only in theaters November 10.‚ñ∫ Watch Marvel on Disney+: https://bit.ly/2XyBSIW‚ñ∫ Subscribe to Marvel on YouTube: http://bit.ly/WeO3YJFollow Marvel on Twitter: ‚Ä™https://twitter.com/marvelLike Marvel on Facebook: ‚Ä™https://www.facebook.com/marvelWatch Marvel on Twitch: https://www.twitch.tv/marvelReward your Marvel fandom by joining Marvel Insider!Earn points, then redeem for awesome rewards.Terms and conditions apply. Learn more at https://www.marvel.com/insider?Osocial=YT&CID=MarvelInsiderFor even more news, stay tuned to:Tumblr: ‚Ä™http://marvelentertainment.tumblr.com/Instagram: https://www.instagram.com/marvelPinterest: ‚Ä™http://pinterest.com/marvelofficialReddit: http://reddit.com/u/marvel-official"
15VkQ4D76gE,Did She Really Cut Her Hair?!üòÖ I'm Not Surprised Why She Crafted A DIY Hairdresser! #shorts,2023-03-21T22:00:00Z,UCmQataFNBge-_HQJ7tpM3CA,Cool Tool Shorts,24,23.27.04,96748812,2542729,2229,False,False,Seems like the girls liked this diy craft!#craft #gadget #tiktok
YudHcBIxlYw,JISOO - ‚ÄòÍΩÉ(FLOWER)‚Äô M/V,2023-03-31T04:00:14Z,UCOmHUn--16B90oW2L6FRR3A,BLACKPINK,10,23.27.04,164714989,8490106,1157805,False,False,"JISOO - ‚ÄòÍΩÉ(FLOWER)‚Äô ABC¬†ÎèÑÎ†àÎØ∏ÎßåÌÅº Ï∞©ÌñàÎçò ÎÇòÍ∑∏ ÎààÎπõÏù¥ Ïãπ Î≥ÄÌñàÏßÄ Ïñ¥Ï©åÎ©¥ Ïù¥ ÎòêÌïú ÎÇòÎãàÍπå¬†ÎÇú ÌååÎûÄ ÎÇòÎπÑÏ≤òÎüº ÎÇ†ÏïÑÍ∞ÄÏû°ÏßÄ Î™ªÌïú Í±¥ Îã§ ÎÑ§ Î™´Ïù¥ÎãàÍπåÌôúÏßù¬†ÍΩÉÌîºÏõ†Îçò ÏãúÍ∞ÑÎèÑ Ïù¥Ï†ú Î™®ÎëêÎÇ¥Í≤ê¬†lie lie lie¬†Î∂âÍ≤å ÌÉÄÎ≤ÑÎ†§ÏßÑ ÎÑàÏôÄ ÎÇòÎÇú Í¥úÏ∞ÆÏïÑ ÎÑå Í¥úÏ∞ÆÏùÑÍπåÍµ¨Î¶Ñ Ìïú Ï†ê ÏóÜÏù¥ ÏòàÏÅú ÎÇ†ÍΩÉÌñ•Í∏∞Îßå ÎÇ®Í∏∞Í≥† Í∞îÎã®Îã§ÍΩÉÌñ•Í∏∞Îßå ÎÇ®Í∏∞Í≥† Í∞îÎã®Îã§¬†¬†You and me, ÎØ∏Ïπ† ÎìØÏù¥¬†Îú®Í±∞Ïõ†ÏßÄÎßåÏ≤òÏ∞∏ÌïòÍ≤å ÏßìÎ∞üÌòÄÏßÑ ÎÇ¥ ÌïòÎÇòÎøêÏù∏ ÎùºÏùºÎùΩ¬†ÎÇú ÌïòÏñÄ¬†ÍΩÉÏûéÏ≤òÎüº ÎÇ†ÏïÑÍ∞ÄÏû°ÏßÄ ÏïäÏùÄ Í≤ÉÏùÄ ÎÑàÎãàÍπåÏÇ¥ÎûëÏÇ¥Îûë Î∂ÄÎäî Î∞îÎûåÏóê Ïù¥ÎÅåÎ†§Î¥ÑÏùÄ Ïò§ÏßÄÎßå Ïö∞Î¶∞¬†bye bye bye¬†¬†Î∂âÍ≤å ÌÉÄÎ≤ÑÎ†§ÏßÑ ÎÑàÏôÄ ÎÇòÎÇú Í¥úÏ∞ÆÏïÑ ÎÑå Í¥úÏ∞ÆÏùÑÍπåÍµ¨Î¶Ñ Ìïú Ï†ê ÏóÜÏù¥ ÏòàÏÅú ÎÇ†ÍΩÉÌñ•Í∏∞Îßå ÎÇ®Í∏∞Í≥† Í∞îÎã®Îã§ÍΩÉÌñ•Í∏∞Îßå ÎÇ®Í∏∞Í≥† Í∞îÎã®Îã§¬†Ïù¥Ï†† ÏïàÎÖï¬†goodbyeÎí§Îäî Ï†àÎåÄ Ïïà Î¥êÎØ∏Î†®Ïù¥ÎûÄ Ïù¥Î¶ÑÏùò ÏûéÏÉà ÌïòÎÇòÎ¥ÑÎπÑÏóê ÎÑàÏóêÍ≤åÏÑú Îñ®Ïñ¥Ï†∏ÍΩÉÌñ•Í∏∞Îßå ÎÇ®ÏïÑ¬†ÍΩÉÌñ•Í∏∞Îßå ÎÇ®Í∏∞Í≥† Í∞îÎã®Îã§More about BLACKPINK @http://www.blackpinkofficial.com/jisoohttp://www.youtube.com/BLACKPINKOFFICIALhttps://www.instagram.com/BLACKPINKOFFICIALhttp://www.facebook.com/BLACKPINKOFFICIALhttps://twitter.com/BLACKPINK#JISOO #ÏßÄÏàò #BLACKPINK #Î∏îÎûôÌïëÌÅ¨ #FIRSTSINGLEALBUM #ME #TITLE #ÍΩÉ #FLOWER #MV #YG"
